// Generated by Entropy tools/generate_action_icons.py from Lucide 0.468.0 (ISC).
#pragma once
#include <stdint.h>
#define EH_ACTION_ICON_COUNT 117
#define EH_ACTION_ICON_FIRST_VISUAL 12
static const uint8_t eh_action_icons[EH_ACTION_ICON_COUNT][154] = {
    { // link
        0x00, 0x00, 0x00, 0x00, 0x00, 0x00, 0x00, 0x00, 0x00, 0x00, 0x00, 0x1f, 0xe0, 0x00, 0x00, 0x0f,
        0xfe, 0x00, 0x00, 0x03, 0xf7, 0xe0, 0x00, 0x00, 0xf0, 0x1e, 0x00, 0x00, 0x3c, 0x01, 0xe0, 0x00,
        0x07, 0x00, 0x1c, 0x00, 0x00, 0xc0, 0x03, 0x80, 0x00, 0x00, 0x00, 0x70, 0x00, 0x00, 0x00, 0x06,
        0x00, 0x00, 0x00, 0x01, 0xc0, 0x01, 0xfc, 0x00, 0x38, 0x00, 0xff, 0xe0, 0x07, 0x00, 0x3f, 0xfe,
        0x01, 0xc0, 0x0f, 0x01, 0xe0, 0x78, 0x03, 0xc0, 0x1c, 0x1e, 0x00, 0xf0, 0x00, 0x07, 0x80, 0x3c,
        0x1c, 0x01, 0xe0, 0x0f, 0x03, 0xc0, 0x78, 0x01, 0xc0, 0x3f, 0xfe, 0x00, 0x70, 0x03, 0xff, 0x80,
        0x0e, 0x00, 0x1f, 0xc0, 0x01, 0xc0, 0x00, 0x00, 0x00, 0x30, 0x00, 0x00, 0x00, 0x07, 0x00, 0x00,
        0x00, 0x00, 0xe0, 0x01, 0x80, 0x00, 0x1c, 0x00, 0x70, 0x00, 0x03, 0xc0, 0x1e, 0x00, 0x00, 0x3c,
        0x07, 0x80, 0x00, 0x03, 0xf7, 0xe0, 0x00, 0x00, 0x3f, 0xf8, 0x00, 0x00, 0x03, 0xfc, 0x00, 0x00,
        0x00, 0x00, 0x00, 0x00, 0x00, 0x00, 0x00, 0x00, 0x00, 0x00,
    },
    { // plus
        0x00, 0x00, 0x00, 0x00, 0x00, 0x00, 0x00, 0x00, 0x00, 0x00, 0x00, 0x00, 0x00, 0x00, 0x00, 0x00,
        0x00, 0x00, 0x00, 0x00, 0x00, 0x00, 0x00, 0x00, 0x00, 0x00, 0x00, 0x00, 0x38, 0x00, 0x00, 0x00,
        0x07, 0x00, 0x00, 0x00, 0x00, 0xe0, 0x00, 0x00, 0x00, 0x1c, 0x00, 0x00, 0x00, 0x03, 0x80, 0x00,
        0x00, 0x00, 0x70, 0x00, 0x00, 0x00, 0x0e, 0x00, 0x00, 0x00, 0x01, 0xc0, 0x00, 0x00, 0x00, 0x38,
        0x00, 0x00, 0x00, 0x07, 0x00, 0x00, 0x03, 0xff, 0xff, 0xf8, 0x00, 0x7f, 0xff, 0xff, 0x00, 0x0f,
        0xff, 0xff, 0xe0, 0x00, 0x00, 0x70, 0x00, 0x00, 0x00, 0x0e, 0x00, 0x00, 0x00, 0x01, 0xc0, 0x00,
        0x00, 0x00, 0x38, 0x00, 0x00, 0x00, 0x07, 0x00, 0x00, 0x00, 0x00, 0xe0, 0x00, 0x00, 0x00, 0x1c,
        0x00, 0x00, 0x00, 0x03, 0x80, 0x00, 0x00, 0x00, 0x70, 0x00, 0x00, 0x00, 0x0e, 0x00, 0x00, 0x00,
        0x00, 0x00, 0x00, 0x00, 0x00, 0x00, 0x00, 0x00, 0x00, 0x00, 0x00, 0x00, 0x00, 0x00, 0x00, 0x00,
        0x00, 0x00, 0x00, 0x00, 0x00, 0x00, 0x00, 0x00, 0x00, 0x00,
    },
    { // search
        0x00, 0x00, 0x00, 0x00, 0x00, 0x00, 0x00, 0x00, 0x00, 0x00, 0x00, 0x00, 0x00, 0x00, 0x07, 0xf8,
        0x00, 0x00, 0x03, 0xff, 0xc0, 0x00, 0x01, 0xff, 0xfe, 0x00, 0x00, 0x7c, 0x03, 0xe0, 0x00, 0x1e,
        0x00, 0x1e, 0x00, 0x07, 0x80, 0x01, 0xe0, 0x00, 0xe0, 0x00, 0x1c, 0x00, 0x38, 0x00, 0x01, 0xc0,
        0x07, 0x00, 0x00, 0x38, 0x01, 0xc0, 0x00, 0x03, 0x80, 0x38, 0x00, 0x00, 0x70, 0x07, 0x00, 0x00,
        0x0e, 0x00, 0xe0, 0x00, 0x01, 0xc0, 0x1c, 0x00, 0x00, 0x38, 0x03, 0x80, 0x00, 0x07, 0x00, 0x70,
        0x00, 0x00, 0xe0, 0x0e, 0x00, 0x00, 0x1c, 0x00, 0xe0, 0x00, 0x07, 0x00, 0x1c, 0x00, 0x00, 0xe0,
        0x01, 0xc0, 0x00, 0x38, 0x00, 0x3c, 0x00, 0x0f, 0x00, 0x03, 0xc0, 0x03, 0xe0, 0x00, 0x3e, 0x01,
        0xfe, 0x00, 0x03, 0xff, 0xfd, 0xe0, 0x00, 0x1f, 0xfe, 0x1e, 0x00, 0x00, 0xff, 0x01, 0xe0, 0x00,
        0x00, 0x00, 0x3c, 0x00, 0x00, 0x00, 0x03, 0xc0, 0x00, 0x00, 0x00, 0x18, 0x00, 0x00, 0x00, 0x00,
        0x00, 0x00, 0x00, 0x00, 0x00, 0x00, 0x00, 0x00, 0x00, 0x00,
    },
    { // arrow-left
        0x00, 0x00, 0x00, 0x00, 0x00, 0x00, 0x00, 0x00, 0x00, 0x00, 0x00, 0x00, 0x00, 0x00, 0x00, 0x00,
        0x00, 0x00, 0x00, 0x00, 0x00, 0x00, 0x00, 0x00, 0x00, 0x00, 0x00, 0x00, 0x38, 0x00, 0x00, 0x00,
        0x0f, 0x00, 0x00, 0x00, 0x03, 0xc0, 0x00, 0x00, 0x00, 0xf0, 0x00, 0x00, 0x00, 0x3c, 0x00, 0x00,
        0x00, 0x0f, 0x00, 0x00, 0x00, 0x03, 0xc0, 0x00, 0x00, 0x00, 0xf0, 0x00, 0x00, 0x00, 0x3c, 0x00,
        0x00, 0x00, 0x0f, 0x00, 0x00, 0x00, 0x03, 0xff, 0xff, 0xf8, 0x00, 0x7f, 0xff, 0xff, 0x00, 0x0f,
        0xff, 0xff, 0xe0, 0x00, 0xf0, 0x00, 0x00, 0x00, 0x0f, 0x00, 0x00, 0x00, 0x00, 0xf0, 0x00, 0x00,
        0x00, 0x0f, 0x00, 0x00, 0x00, 0x00, 0xf0, 0x00, 0x00, 0x00, 0x0f, 0x00, 0x00, 0x00, 0x00, 0xf0,
        0x00, 0x00, 0x00, 0x0f, 0x00, 0x00, 0x00, 0x00, 0xf0, 0x00, 0x00, 0x00, 0x0e, 0x00, 0x00, 0x00,
        0x00, 0x00, 0x00, 0x00, 0x00, 0x00, 0x00, 0x00, 0x00, 0x00, 0x00, 0x00, 0x00, 0x00, 0x00, 0x00,
        0x00, 0x00, 0x00, 0x00, 0x00, 0x00, 0x00, 0x00, 0x00, 0x00,
    },
    { // arrow-right
        0x00, 0x00, 0x00, 0x00, 0x00, 0x00, 0x00, 0x00, 0x00, 0x00, 0x00, 0x00, 0x00, 0x00, 0x00, 0x00,
        0x00, 0x00, 0x00, 0x00, 0x00, 0x00, 0x00, 0x00, 0x00, 0x00, 0x00, 0x00, 0x38, 0x00, 0x00, 0x00,
        0x07, 0x80, 0x00, 0x00, 0x00, 0x78, 0x00, 0x00, 0x00, 0x07, 0x80, 0x00, 0x00, 0x00, 0x78, 0x00,
        0x00, 0x00, 0x07, 0x80, 0x00, 0x00, 0x00, 0x78, 0x00, 0x00, 0x00, 0x07, 0x80, 0x00, 0x00, 0x00,
        0x78, 0x00, 0x00, 0x00, 0x07, 0x80, 0x03, 0xff, 0xff, 0xf8, 0x00, 0x7f, 0xff, 0xff, 0x00, 0x0f,
        0xff, 0xff, 0xe0, 0x00, 0x00, 0x00, 0x78, 0x00, 0x00, 0x00, 0x1e, 0x00, 0x00, 0x00, 0x07, 0x80,
        0x00, 0x00, 0x01, 0xe0, 0x00, 0x00, 0x00, 0x78, 0x00, 0x00, 0x00, 0x1e, 0x00, 0x00, 0x00, 0x07,
        0x80, 0x00, 0x00, 0x01, 0xe0, 0x00, 0x00, 0x00, 0x78, 0x00, 0x00, 0x00, 0x0e, 0x00, 0x00, 0x00,
        0x00, 0x00, 0x00, 0x00, 0x00, 0x00, 0x00, 0x00, 0x00, 0x00, 0x00, 0x00, 0x00, 0x00, 0x00, 0x00,
        0x00, 0x00, 0x00, 0x00, 0x00, 0x00, 0x00, 0x00, 0x00, 0x00,
    },
    { // history
        0x00, 0x00, 0x00, 0x00, 0x00, 0x00, 0x00, 0x00, 0x00, 0x00, 0x00, 0x00, 0x00, 0x0c, 0x03, 0xfe,
        0x00, 0x01, 0xc1, 0xff, 0xf0, 0x00, 0x38, 0xff, 0xff, 0x80, 0x07, 0x3e, 0x01, 0xf8, 0x00, 0xef,
        0x00, 0x07, 0x80, 0x1f, 0xc0, 0x00, 0x78, 0x03, 0xf0, 0x1c, 0x07, 0x80, 0x7f, 0xc3, 0x80, 0x70,
        0x0f, 0xfc, 0x70, 0x07, 0x01, 0xff, 0x8e, 0x00, 0xe0, 0x00, 0x01, 0xc0, 0x1e, 0x00, 0x00, 0x38,
        0x01, 0xc0, 0x00, 0x07, 0x00, 0x38, 0x18, 0x00, 0xe0, 0x07, 0x03, 0x80, 0x1f, 0x00, 0xe0, 0x70,
        0x01, 0xf8, 0x1c, 0x0e, 0x00, 0x1f, 0x83, 0x81, 0xc0, 0x00, 0xf8, 0x70, 0x3c, 0x00, 0x06, 0x1e,
        0x03, 0x80, 0x00, 0x03, 0x80, 0x70, 0x00, 0x00, 0x70, 0x07, 0x00, 0x00, 0x1c, 0x00, 0xf0, 0x00,
        0x07, 0x80, 0x0f, 0x00, 0x01, 0xe0, 0x00, 0xf0, 0x00, 0x78, 0x00, 0x0f, 0xc0, 0x7e, 0x00, 0x00,
        0xff, 0xff, 0x80, 0x00, 0x07, 0xff, 0xc0, 0x00, 0x00, 0x3f, 0xc0, 0x00, 0x00, 0x00, 0x00, 0x00,
        0x00, 0x00, 0x00, 0x00, 0x00, 0x00, 0x00, 0x00, 0x00, 0x00,
    },
    { // move-left
        0x00, 0x00, 0x00, 0x00, 0x00, 0x00, 0x00, 0x00, 0x00, 0x00, 0x00, 0x00, 0x00, 0x00, 0x00, 0x00,
        0x00, 0x00, 0x00, 0x00, 0x00, 0x00, 0x00, 0x00, 0x00, 0x00, 0x00, 0x00, 0x00, 0x00, 0x00, 0x00,
        0x00, 0x00, 0x00, 0x00, 0x00, 0x00, 0x00, 0x00, 0x00, 0x00, 0x00, 0x00, 0x02, 0x00, 0x00, 0x00,
        0x00, 0xe0, 0x00, 0x00, 0x00, 0x3c, 0x00, 0x00, 0x00, 0x0f, 0x00, 0x00, 0x00, 0x03, 0xc0, 0x00,
        0x00, 0x00, 0xf0, 0x00, 0x00, 0x00, 0x3f, 0xff, 0xff, 0xff, 0x8f, 0xff, 0xff, 0xff, 0xf0, 0xff,
        0xff, 0xff, 0xfe, 0x0f, 0x00, 0x00, 0x00, 0x00, 0xf0, 0x00, 0x00, 0x00, 0x0f, 0x00, 0x00, 0x00,
        0x00, 0xf0, 0x00, 0x00, 0x00, 0x0e, 0x00, 0x00, 0x00, 0x00, 0x80, 0x00, 0x00, 0x00, 0x00, 0x00,
        0x00, 0x00, 0x00, 0x00, 0x00, 0x00, 0x00, 0x00, 0x00, 0x00, 0x00, 0x00, 0x00, 0x00, 0x00, 0x00,
        0x00, 0x00, 0x00, 0x00, 0x00, 0x00, 0x00, 0x00, 0x00, 0x00, 0x00, 0x00, 0x00, 0x00, 0x00, 0x00,
        0x00, 0x00, 0x00, 0x00, 0x00, 0x00, 0x00, 0x00, 0x00, 0x00,
    },
    { // move-right
        0x00, 0x00, 0x00, 0x00, 0x00, 0x00, 0x00, 0x00, 0x00, 0x00, 0x00, 0x00, 0x00, 0x00, 0x00, 0x00,
        0x00, 0x00, 0x00, 0x00, 0x00, 0x00, 0x00, 0x00, 0x00, 0x00, 0x00, 0x00, 0x00, 0x00, 0x00, 0x00,
        0x00, 0x00, 0x00, 0x00, 0x00, 0x00, 0x00, 0x00, 0x00, 0x00, 0x00, 0x00, 0x00, 0x00, 0x00, 0x80,
        0x00, 0x00, 0x00, 0x38, 0x00, 0x00, 0x00, 0x07, 0x80, 0x00, 0x00, 0x00, 0x78, 0x00, 0x00, 0x00,
        0x07, 0x80, 0x00, 0x00, 0x00, 0x78, 0x3f, 0xff, 0xff, 0xff, 0x87, 0xff, 0xff, 0xff, 0xf8, 0xff,
        0xff, 0xff, 0xfe, 0x00, 0x00, 0x00, 0x07, 0x80, 0x00, 0x00, 0x01, 0xe0, 0x00, 0x00, 0x00, 0x78,
        0x00, 0x00, 0x00, 0x1e, 0x00, 0x00, 0x00, 0x03, 0x80, 0x00, 0x00, 0x00, 0x20, 0x00, 0x00, 0x00,
        0x00, 0x00, 0x00, 0x00, 0x00, 0x00, 0x00, 0x00, 0x00, 0x00, 0x00, 0x00, 0x00, 0x00, 0x00, 0x00,
        0x00, 0x00, 0x00, 0x00, 0x00, 0x00, 0x00, 0x00, 0x00, 0x00, 0x00, 0x00, 0x00, 0x00, 0x00, 0x00,
        0x00, 0x00, 0x00, 0x00, 0x00, 0x00, 0x00, 0x00, 0x00, 0x00,
    },
    { // maximize
        0x00, 0x00, 0x00, 0x00, 0x00, 0x00, 0x00, 0x00, 0x00, 0x00, 0x00, 0x00, 0x00, 0x03, 0xfc, 0x01,
        0xfe, 0x00, 0xff, 0x80, 0x3f, 0xe0, 0x3f, 0xe0, 0x03, 0xfe, 0x07, 0x00, 0x00, 0x01, 0xc0, 0xe0,
        0x00, 0x00, 0x38, 0x1c, 0x00, 0x00, 0x07, 0x03, 0x80, 0x00, 0x00, 0xe0, 0x70, 0x00, 0x00, 0x1c,
        0x0e, 0x00, 0x00, 0x03, 0x81, 0x80, 0x00, 0x00, 0x30, 0x00, 0x00, 0x00, 0x00, 0x00, 0x00, 0x00,
        0x00, 0x00, 0x00, 0x00, 0x00, 0x00, 0x00, 0x00, 0x00, 0x00, 0x00, 0x00, 0x00, 0x00, 0x00, 0x00,
        0x00, 0x00, 0x00, 0x00, 0x00, 0x00, 0x00, 0x00, 0x00, 0x00, 0x00, 0x00, 0x00, 0x00, 0x00, 0x00,
        0x06, 0x00, 0x00, 0x00, 0xc0, 0xe0, 0x00, 0x00, 0x38, 0x1c, 0x00, 0x00, 0x07, 0x03, 0x80, 0x00,
        0x00, 0xe0, 0x70, 0x00, 0x00, 0x1c, 0x0e, 0x00, 0x00, 0x03, 0x81, 0xc0, 0x00, 0x00, 0x70, 0x3f,
        0xe0, 0x03, 0xfe, 0x03, 0xfe, 0x00, 0xff, 0x80, 0x3f, 0xc0, 0x1f, 0xe0, 0x00, 0x00, 0x00, 0x00,
        0x00, 0x00, 0x00, 0x00, 0x00, 0x00, 0x00, 0x00, 0x00, 0x00,
    },
    { // move-down
        0x00, 0x00, 0x00, 0x00, 0x00, 0x00, 0x00, 0x00, 0x00, 0x00, 0x03, 0x80, 0x00, 0x00, 0x00, 0x70,
        0x00, 0x00, 0x00, 0x0e, 0x00, 0x00, 0x00, 0x01, 0xc0, 0x00, 0x00, 0x00, 0x38, 0x00, 0x00, 0x00,
        0x07, 0x00, 0x00, 0x00, 0x00, 0xe0, 0x00, 0x00, 0x00, 0x1c, 0x00, 0x00, 0x00, 0x03, 0x80, 0x00,
        0x00, 0x00, 0x70, 0x00, 0x00, 0x00, 0x0e, 0x00, 0x00, 0x00, 0x01, 0xc0, 0x00, 0x00, 0x00, 0x38,
        0x00, 0x00, 0x00, 0x07, 0x00, 0x00, 0x00, 0x00, 0xe0, 0x00, 0x00, 0x00, 0x1c, 0x00, 0x00, 0x00,
        0x03, 0x80, 0x00, 0x00, 0x00, 0x70, 0x00, 0x00, 0x00, 0x0e, 0x00, 0x00, 0x00, 0x01, 0xc0, 0x00,
        0x00, 0x00, 0x38, 0x00, 0x00, 0x00, 0x07, 0x00, 0x00, 0x00, 0x00, 0xe0, 0x00, 0x00, 0x03, 0x1c,
        0x60, 0x00, 0x00, 0xf3, 0x9e, 0x00, 0x00, 0x0f, 0x77, 0x80, 0x00, 0x00, 0xff, 0xe0, 0x00, 0x00,
        0x0f, 0xf8, 0x00, 0x00, 0x00, 0xfe, 0x00, 0x00, 0x00, 0x0f, 0x80, 0x00, 0x00, 0x00, 0xe0, 0x00,
        0x00, 0x00, 0x08, 0x00, 0x00, 0x00, 0x00, 0x00, 0x00, 0x00,
    },
    { // move-up
        0x00, 0x00, 0x00, 0x00, 0x00, 0x00, 0x08, 0x00, 0x00, 0x00, 0x03, 0x80, 0x00, 0x00, 0x00, 0xf8,
        0x00, 0x00, 0x00, 0x3f, 0x80, 0x00, 0x00, 0x0f, 0xf8, 0x00, 0x00, 0x03, 0xff, 0x80, 0x00, 0x00,
        0xf7, 0x78, 0x00, 0x00, 0x3c, 0xe7, 0x80, 0x00, 0x03, 0x1c, 0x60, 0x00, 0x00, 0x03, 0x80, 0x00,
        0x00, 0x00, 0x70, 0x00, 0x00, 0x00, 0x0e, 0x00, 0x00, 0x00, 0x01, 0xc0, 0x00, 0x00, 0x00, 0x38,
        0x00, 0x00, 0x00, 0x07, 0x00, 0x00, 0x00, 0x00, 0xe0, 0x00, 0x00, 0x00, 0x1c, 0x00, 0x00, 0x00,
        0x03, 0x80, 0x00, 0x00, 0x00, 0x70, 0x00, 0x00, 0x00, 0x0e, 0x00, 0x00, 0x00, 0x01, 0xc0, 0x00,
        0x00, 0x00, 0x38, 0x00, 0x00, 0x00, 0x07, 0x00, 0x00, 0x00, 0x00, 0xe0, 0x00, 0x00, 0x00, 0x1c,
        0x00, 0x00, 0x00, 0x03, 0x80, 0x00, 0x00, 0x00, 0x70, 0x00, 0x00, 0x00, 0x0e, 0x00, 0x00, 0x00,
        0x01, 0xc0, 0x00, 0x00, 0x00, 0x38, 0x00, 0x00, 0x00, 0x07, 0x00, 0x00, 0x00, 0x00, 0xe0, 0x00,
        0x00, 0x00, 0x00, 0x00, 0x00, 0x00, 0x00, 0x00, 0x00, 0x00,
    },
    { // bookmark
        0x00, 0x00, 0x00, 0x00, 0x00, 0x00, 0x00, 0x00, 0x00, 0x00, 0x00, 0x00, 0x00, 0x00, 0x7f, 0xff,
        0xf0, 0x00, 0x1f, 0xff, 0xff, 0x00, 0x07, 0xff, 0xff, 0xf0, 0x00, 0xe0, 0x00, 0x0e, 0x00, 0x1c,
        0x00, 0x01, 0xc0, 0x03, 0x80, 0x00, 0x38, 0x00, 0x70, 0x00, 0x07, 0x00, 0x0e, 0x00, 0x00, 0xe0,
        0x01, 0xc0, 0x00, 0x1c, 0x00, 0x38, 0x00, 0x03, 0x80, 0x07, 0x00, 0x00, 0x70, 0x00, 0xe0, 0x00,
        0x0e, 0x00, 0x1c, 0x00, 0x01, 0xc0, 0x03, 0x80, 0x00, 0x38, 0x00, 0x70, 0x00, 0x07, 0x00, 0x0e,
        0x00, 0x00, 0xe0, 0x01, 0xc0, 0x00, 0x1c, 0x00, 0x38, 0x00, 0x03, 0x80, 0x07, 0x00, 0x00, 0x70,
        0x00, 0xe0, 0x00, 0x0e, 0x00, 0x1c, 0x02, 0x01, 0xc0, 0x03, 0x81, 0xf0, 0x38, 0x00, 0x70, 0xff,
        0x87, 0x00, 0x0e, 0x3f, 0xf8, 0xe0, 0x01, 0xdf, 0x8f, 0xdc, 0x00, 0x3f, 0xc0, 0x7f, 0x80, 0x07,
        0xe0, 0x03, 0xf0, 0x00, 0xf0, 0x00, 0x1e, 0x00, 0x1c, 0x00, 0x01, 0xc0, 0x00, 0x00, 0x00, 0x00,
        0x00, 0x00, 0x00, 0x00, 0x00, 0x00, 0x00, 0x00, 0x00, 0x00,
    },
    { // download
        0x00, 0x00, 0x00, 0x00, 0x00, 0x00, 0x00, 0x00, 0x00, 0x00, 0x00, 0x00, 0x00, 0x00, 0x00, 0x70,
        0x00, 0x00, 0x00, 0x0e, 0x00, 0x00, 0x00, 0x01, 0xc0, 0x00, 0x00, 0x00, 0x38, 0x00, 0x00, 0x00,
        0x07, 0x00, 0x00, 0x00, 0x00, 0xe0, 0x00, 0x00, 0x00, 0x1c, 0x00, 0x00, 0x00, 0x03, 0x80, 0x00,
        0x00, 0x00, 0x70, 0x00, 0x00, 0x00, 0x0e, 0x00, 0x00, 0x00, 0xc1, 0xc1, 0x80, 0x00, 0x1c, 0x38,
        0x70, 0x00, 0x03, 0xc7, 0x1e, 0x00, 0x00, 0x3c, 0xe7, 0x80, 0x00, 0x03, 0xdd, 0xe0, 0x00, 0x00,
        0x3f, 0xf8, 0x00, 0x00, 0x03, 0xfe, 0x00, 0x00, 0x80, 0x3f, 0x80, 0x20, 0x38, 0x03, 0xe0, 0x0e,
        0x07, 0x00, 0x38, 0x01, 0xc0, 0xe0, 0x00, 0x00, 0x38, 0x1c, 0x00, 0x00, 0x07, 0x03, 0x80, 0x00,
        0x00, 0xe0, 0x70, 0x00, 0x00, 0x1c, 0x0e, 0x00, 0x00, 0x03, 0x81, 0xc0, 0x00, 0x00, 0x70, 0x3f,
        0xff, 0xff, 0xfe, 0x03, 0xff, 0xff, 0xff, 0x80, 0x3f, 0xff, 0xff, 0xe0, 0x00, 0x00, 0x00, 0x00,
        0x00, 0x00, 0x00, 0x00, 0x00, 0x00, 0x00, 0x00, 0x00, 0x00,
    },
    { // square-pen
        0x00, 0x00, 0x00, 0x00, 0x00, 0x00, 0x00, 0x01, 0x80, 0x00, 0x00, 0x00, 0xfc, 0x03, 0xff, 0xf0,
        0x3f, 0xc0, 0xff, 0xfe, 0x0f, 0x38, 0x3f, 0xff, 0x83, 0xc3, 0x07, 0x00, 0x00, 0xf0, 0x60, 0xe0,
        0x00, 0x3c, 0x1c, 0x1c, 0x00, 0x0f, 0x07, 0x83, 0x80, 0x03, 0xc1, 0xe0, 0x70, 0x00, 0xf0, 0x78,
        0x0e, 0x00, 0x3c, 0x1e, 0x01, 0xc0, 0x0f, 0x07, 0x80, 0x38, 0x03, 0xc1, 0xe0, 0x07, 0x00, 0xf0,
        0x78, 0x00, 0xe0, 0x3c, 0x1e, 0x00, 0x1c, 0x0f, 0x07, 0x83, 0x03, 0x81, 0xc1, 0xe0, 0xe0, 0x70,
        0x70, 0x78, 0x1c, 0x0e, 0x0e, 0x1e, 0x03, 0x81, 0xc1, 0xc7, 0x80, 0x70, 0x38, 0x7f, 0xe0, 0x0e,
        0x07, 0x0f, 0xf8, 0x01, 0xc0, 0xe1, 0xfc, 0x00, 0x38, 0x1c, 0x1c, 0x00, 0x07, 0x03, 0x80, 0x00,
        0x00, 0xe0, 0x70, 0x00, 0x00, 0x1c, 0x0e, 0x00, 0x00, 0x03, 0x81, 0xc0, 0x00, 0x00, 0x70, 0x3f,
        0xff, 0xff, 0xfe, 0x03, 0xff, 0xff, 0xff, 0x80, 0x3f, 0xff, 0xff, 0xe0, 0x00, 0x00, 0x00, 0x00,
        0x00, 0x00, 0x00, 0x00, 0x00, 0x00, 0x00, 0x00, 0x00, 0x00,
    },
    { // save
        0x00, 0x00, 0x00, 0x00, 0x00, 0x00, 0x00, 0x00, 0x00, 0x00, 0x00, 0x00, 0x00, 0x03, 0xff, 0xff,
        0x80, 0x00, 0xff, 0xff, 0xf8, 0x00, 0x3f, 0xff, 0xff, 0x80, 0x07, 0x1c, 0x00, 0x78, 0x00, 0xe3,
        0x80, 0x07, 0x80, 0x1c, 0x70, 0x00, 0x78, 0x03, 0x8e, 0x00, 0x07, 0x80, 0x71, 0xff, 0xf8, 0x78,
        0x0e, 0x3f, 0xff, 0x07, 0x81, 0xc3, 0xff, 0xe0, 0x70, 0x38, 0x00, 0x00, 0x0e, 0x07, 0x00, 0x00,
        0x01, 0xc0, 0xe0, 0x00, 0x00, 0x38, 0x1c, 0x00, 0x00, 0x07, 0x03, 0x80, 0x00, 0x00, 0xe0, 0x70,
        0xff, 0xfe, 0x1c, 0x0e, 0x3f, 0xff, 0xe3, 0x81, 0xc7, 0x00, 0x1c, 0x70, 0x38, 0xe0, 0x03, 0x8e,
        0x07, 0x1c, 0x00, 0x71, 0xc0, 0xe3, 0x80, 0x0e, 0x38, 0x1c, 0x70, 0x01, 0xc7, 0x03, 0x8e, 0x00,
        0x38, 0xe0, 0x71, 0xc0, 0x07, 0x1c, 0x0e, 0x38, 0x00, 0xe3, 0x81, 0xc7, 0x00, 0x1c, 0x70, 0x3f,
        0xff, 0xff, 0xfe, 0x03, 0xff, 0xff, 0xff, 0x80, 0x3f, 0xff, 0xff, 0xe0, 0x00, 0x00, 0x00, 0x00,
        0x00, 0x00, 0x00, 0x00, 0x00, 0x00, 0x00, 0x00, 0x00, 0x00,
    },
    { // printer
        0x00, 0x00, 0x00, 0x00, 0x00, 0x07, 0xff, 0xf0, 0x00, 0x03, 0xff, 0xff, 0x80, 0x00, 0xff, 0xff,
        0xf8, 0x00, 0x1c, 0x00, 0x07, 0x00, 0x03, 0x80, 0x00, 0xe0, 0x00, 0x70, 0x00, 0x1c, 0x00, 0x0e,
        0x00, 0x03, 0x80, 0x01, 0xc0, 0x00, 0x70, 0x00, 0x38, 0x00, 0x0e, 0x00, 0x07, 0x00, 0x01, 0xc0,
        0x00, 0xe0, 0x00, 0x38, 0x01, 0xff, 0xff, 0xff, 0xf0, 0x7f, 0xff, 0xff, 0xff, 0x0f, 0xff, 0xff,
        0xff, 0xe1, 0x80, 0x00, 0x00, 0x1c, 0x70, 0x00, 0x00, 0x01, 0xce, 0x00, 0x00, 0x00, 0x39, 0xc0,
        0x00, 0x00, 0x07, 0x38, 0x3f, 0xff, 0xe0, 0xe7, 0x0f, 0xff, 0xfe, 0x1c, 0xe3, 0xff, 0xff, 0xe3,
        0x9c, 0x70, 0x00, 0x1c, 0x73, 0x8e, 0x00, 0x03, 0x8e, 0x39, 0xc0, 0x00, 0x73, 0x87, 0xf8, 0x00,
        0x0f, 0xf0, 0x7f, 0x00, 0x01, 0xfc, 0x03, 0xe0, 0x00, 0x3e, 0x00, 0x1c, 0x00, 0x07, 0x00, 0x03,
        0x80, 0x00, 0xe0, 0x00, 0x70, 0x00, 0x1c, 0x00, 0x07, 0xff, 0xff, 0x00, 0x00, 0xff, 0xff, 0xe0,
        0x00, 0x07, 0xff, 0xf0, 0x00, 0x00, 0x00, 0x00, 0x00, 0x00,
    },
    { // focus
        0x00, 0x00, 0x00, 0x00, 0x00, 0x00, 0x00, 0x00, 0x00, 0x00, 0x00, 0x00, 0x00, 0x03, 0xf0, 0x00,
        0x7e, 0x00, 0xff, 0x00, 0x1f, 0xe0, 0x3f, 0xc0, 0x01, 0xfe, 0x07, 0x00, 0x00, 0x01, 0xc0, 0xe0,
        0x00, 0x00, 0x38, 0x1c, 0x00, 0x00, 0x07, 0x03, 0x80, 0x00, 0x00, 0xe0, 0x70, 0x00, 0x00, 0x1c,
        0x04, 0x00, 0x00, 0x01, 0x00, 0x00, 0x3f, 0x80, 0x00, 0x00, 0x0f, 0xf8, 0x00, 0x00, 0x03, 0xff,
        0x80, 0x00, 0x00, 0x70, 0x70, 0x00, 0x00, 0x0e, 0x0e, 0x00, 0x00, 0x01, 0xc1, 0xc0, 0x00, 0x00,
        0x38, 0x38, 0x00, 0x00, 0x07, 0x07, 0x00, 0x00, 0x00, 0xff, 0xe0, 0x00, 0x00, 0x0f, 0xf8, 0x00,
        0x00, 0x00, 0x7c, 0x00, 0x00, 0x40, 0x00, 0x00, 0x10, 0x1c, 0x00, 0x00, 0x07, 0x03, 0x80, 0x00,
        0x00, 0xe0, 0x70, 0x00, 0x00, 0x1c, 0x0e, 0x00, 0x00, 0x03, 0x81, 0xc0, 0x00, 0x00, 0x70, 0x3f,
        0xc0, 0x01, 0xfe, 0x03, 0xfc, 0x00, 0x7f, 0x80, 0x3f, 0x00, 0x07, 0xe0, 0x00, 0x00, 0x00, 0x00,
        0x00, 0x00, 0x00, 0x00, 0x00, 0x00, 0x00, 0x00, 0x00, 0x00,
    },
    { // zoom-out
        0x00, 0x00, 0x00, 0x00, 0x00, 0x00, 0x00, 0x00, 0x00, 0x00, 0x00, 0x00, 0x00, 0x00, 0x07, 0xf8,
        0x00, 0x00, 0x03, 0xff, 0xc0, 0x00, 0x01, 0xff, 0xfe, 0x00, 0x00, 0x7c, 0x03, 0xe0, 0x00, 0x1e,
        0x00, 0x1e, 0x00, 0x07, 0x80, 0x01, 0xe0, 0x00, 0xe0, 0x00, 0x1c, 0x00, 0x38, 0x00, 0x01, 0xc0,
        0x07, 0x00, 0x00, 0x38, 0x01, 0xc0, 0x00, 0x03, 0x80, 0x38, 0x00, 0x00, 0x70, 0x07, 0x00, 0x00,
        0x0e, 0x00, 0xe1, 0xff, 0xe1, 0xc0, 0x1c, 0x3f, 0xfc, 0x38, 0x03, 0x80, 0x00, 0x07, 0x00, 0x70,
        0x00, 0x00, 0xe0, 0x0e, 0x00, 0x00, 0x1c, 0x00, 0xe0, 0x00, 0x07, 0x00, 0x1c, 0x00, 0x00, 0xe0,
        0x01, 0xc0, 0x00, 0x38, 0x00, 0x3c, 0x00, 0x0f, 0x00, 0x03, 0xc0, 0x03, 0xe0, 0x00, 0x3e, 0x01,
        0xfe, 0x00, 0x03, 0xff, 0xfd, 0xe0, 0x00, 0x1f, 0xfe, 0x1e, 0x00, 0x00, 0xff, 0x01, 0xe0, 0x00,
        0x00, 0x00, 0x3c, 0x00, 0x00, 0x00, 0x03, 0xc0, 0x00, 0x00, 0x00, 0x18, 0x00, 0x00, 0x00, 0x00,
        0x00, 0x00, 0x00, 0x00, 0x00, 0x00, 0x00, 0x00, 0x00, 0x00,
    },
    { // zoom-in
        0x00, 0x00, 0x00, 0x00, 0x00, 0x00, 0x00, 0x00, 0x00, 0x00, 0x00, 0x00, 0x00, 0x00, 0x07, 0xf8,
        0x00, 0x00, 0x03, 0xff, 0xc0, 0x00, 0x01, 0xff, 0xfe, 0x00, 0x00, 0x7c, 0x03, 0xe0, 0x00, 0x1e,
        0x00, 0x1e, 0x00, 0x07, 0x80, 0x01, 0xe0, 0x00, 0xe0, 0x00, 0x1c, 0x00, 0x38, 0x06, 0x01, 0xc0,
        0x07, 0x00, 0xc0, 0x38, 0x01, 0xc0, 0x1c, 0x03, 0x80, 0x38, 0x03, 0x80, 0x70, 0x07, 0x00, 0xf0,
        0x0e, 0x00, 0xe1, 0xff, 0xe1, 0xc0, 0x1c, 0x3f, 0xfc, 0x38, 0x03, 0x80, 0x78, 0x07, 0x00, 0x70,
        0x07, 0x00, 0xe0, 0x0e, 0x00, 0xe0, 0x1c, 0x00, 0xe0, 0x18, 0x07, 0x00, 0x1c, 0x03, 0x00, 0xe0,
        0x01, 0xc0, 0x00, 0x38, 0x00, 0x3c, 0x00, 0x0f, 0x00, 0x03, 0xc0, 0x03, 0xe0, 0x00, 0x3e, 0x01,
        0xfe, 0x00, 0x03, 0xff, 0xfd, 0xe0, 0x00, 0x1f, 0xfe, 0x1e, 0x00, 0x00, 0xff, 0x01, 0xe0, 0x00,
        0x00, 0x00, 0x3c, 0x00, 0x00, 0x00, 0x03, 0xc0, 0x00, 0x00, 0x00, 0x18, 0x00, 0x00, 0x00, 0x00,
        0x00, 0x00, 0x00, 0x00, 0x00, 0x00, 0x00, 0x00, 0x00, 0x00,
    },
    { // command
        0x00, 0x00, 0x00, 0x00, 0x00, 0x00, 0x00, 0x00, 0x00, 0x00, 0x00, 0x00, 0x00, 0x01, 0xf0, 0x00,
        0x7c, 0x00, 0x7f, 0x80, 0x3f, 0xc0, 0x1f, 0xf8, 0x0f, 0xfc, 0x07, 0x87, 0x01, 0xc3, 0xc0, 0xe0,
        0xe0, 0x38, 0x38, 0x1c, 0x0e, 0x0e, 0x07, 0x03, 0x81, 0xc1, 0xc0, 0xe0, 0x70, 0x38, 0x38, 0x1c,
        0x07, 0x87, 0x07, 0x0f, 0x00, 0xff, 0xff, 0xff, 0xe0, 0x0f, 0xff, 0xff, 0xf8, 0x00, 0x3f, 0xff,
        0xf8, 0x00, 0x00, 0x70, 0x70, 0x00, 0x00, 0x0e, 0x0e, 0x00, 0x00, 0x01, 0xc1, 0xc0, 0x00, 0x00,
        0x38, 0x38, 0x00, 0x00, 0x07, 0x07, 0x00, 0x00, 0x0f, 0xff, 0xfe, 0x00, 0x0f, 0xff, 0xff, 0xf8,
        0x03, 0xff, 0xff, 0xff, 0x80, 0x78, 0x70, 0x70, 0xf0, 0x1c, 0x0e, 0x0e, 0x07, 0x03, 0x81, 0xc1,
        0xc0, 0xe0, 0x70, 0x38, 0x38, 0x1c, 0x0e, 0x0e, 0x03, 0x83, 0x81, 0xe1, 0xc0, 0x70, 0xf0, 0x1f,
        0xf8, 0x0f, 0xfc, 0x01, 0xfe, 0x00, 0xff, 0x00, 0x1f, 0x00, 0x07, 0xc0, 0x00, 0x00, 0x00, 0x00,
        0x00, 0x00, 0x00, 0x00, 0x00, 0x00, 0x00, 0x00, 0x00, 0x00,
    },
    { // folder-open
        0x00, 0x00, 0x00, 0x00, 0x00, 0x00, 0x00, 0x00, 0x00, 0x00, 0x00, 0x00, 0x00, 0x07, 0xfe, 0x00,
        0x00, 0x01, 0xff, 0xe0, 0x00, 0x00, 0x7f, 0xfe, 0x00, 0x00, 0x0e, 0x01, 0xc0, 0x00, 0x03, 0x80,
        0x3f, 0xff, 0x80, 0x70, 0x03, 0xff, 0xf8, 0x0e, 0x00, 0x3f, 0xff, 0x81, 0xc0, 0x00, 0x00, 0x70,
        0x38, 0x00, 0x00, 0x07, 0x07, 0x00, 0x00, 0x00, 0xe0, 0xe0, 0x1f, 0xff, 0xfc, 0x1c, 0x0f, 0xff,
        0xff, 0xc3, 0x81, 0xff, 0xff, 0xfc, 0x70, 0x70, 0x00, 0x03, 0x8e, 0x0e, 0x00, 0x00, 0x39, 0xc3,
        0x80, 0x00, 0x0e, 0x38, 0x70, 0x00, 0x01, 0xc7, 0x1c, 0x00, 0x00, 0x38, 0xe1, 0x80, 0x00, 0x07,
        0x1c, 0x00, 0x00, 0x01, 0xc3, 0x80, 0x00, 0x00, 0x38, 0x70, 0x00, 0x00, 0x07, 0x0e, 0x00, 0x00,
        0x00, 0xe1, 0xc0, 0x00, 0x00, 0x38, 0x1c, 0x00, 0x00, 0x07, 0x03, 0xff, 0xff, 0xff, 0xe0, 0x3f,
        0xff, 0xff, 0xf8, 0x01, 0xff, 0xff, 0xfc, 0x00, 0x00, 0x00, 0x00, 0x00, 0x00, 0x00, 0x00, 0x00,
        0x00, 0x00, 0x00, 0x00, 0x00, 0x00, 0x00, 0x00, 0x00, 0x00,
    },
    { // terminal
        0x00, 0x00, 0x00, 0x00, 0x00, 0x00, 0x00, 0x00, 0x00, 0x00, 0x00, 0x00, 0x00, 0x00, 0x00, 0x00,
        0x00, 0x00, 0x00, 0x00, 0x00, 0x00, 0x00, 0x00, 0x00, 0x00, 0x01, 0x80, 0x00, 0x00, 0x00, 0x78,
        0x00, 0x00, 0x00, 0x07, 0x80, 0x00, 0x00, 0x00, 0x78, 0x00, 0x00, 0x00, 0x07, 0x80, 0x00, 0x00,
        0x00, 0x78, 0x00, 0x00, 0x00, 0x07, 0x80, 0x00, 0x00, 0x00, 0x78, 0x00, 0x00, 0x00, 0x07, 0x80,
        0x00, 0x00, 0x00, 0x78, 0x00, 0x00, 0x00, 0x0f, 0x00, 0x00, 0x00, 0x03, 0xc0, 0x00, 0x00, 0x00,
        0xf0, 0x00, 0x00, 0x00, 0x3c, 0x00, 0x00, 0x00, 0x0f, 0x00, 0x00, 0x00, 0x03, 0xc0, 0x00, 0x00,
        0x00, 0xf0, 0x00, 0x00, 0x00, 0x3c, 0x00, 0x00, 0x00, 0x0f, 0x00, 0x00, 0x00, 0x00, 0xc0, 0x00,
        0x00, 0x00, 0x00, 0x01, 0xff, 0xf0, 0x00, 0x00, 0x7f, 0xff, 0x00, 0x00, 0x0f, 0xff, 0xc0, 0x00,
        0x00, 0x00, 0x00, 0x00, 0x00, 0x00, 0x00, 0x00, 0x00, 0x00, 0x00, 0x00, 0x00, 0x00, 0x00, 0x00,
        0x00, 0x00, 0x00, 0x00, 0x00, 0x00, 0x00, 0x00, 0x00, 0x00,
    },
    { // panel-left
        0x00, 0x00, 0x00, 0x00, 0x00, 0x00, 0x00, 0x00, 0x00, 0x00, 0x00, 0x00, 0x00, 0x03, 0xff, 0xff,
        0xfe, 0x00, 0xff, 0xff, 0xff, 0xe0, 0x3f, 0xff, 0xff, 0xfe, 0x07, 0x03, 0x80, 0x01, 0xc0, 0xe0,
        0x70, 0x00, 0x38, 0x1c, 0x0e, 0x00, 0x07, 0x03, 0x81, 0xc0, 0x00, 0xe0, 0x70, 0x38, 0x00, 0x1c,
        0x0e, 0x07, 0x00, 0x03, 0x81, 0xc0, 0xe0, 0x00, 0x70, 0x38, 0x1c, 0x00, 0x0e, 0x07, 0x03, 0x80,
        0x01, 0xc0, 0xe0, 0x70, 0x00, 0x38, 0x1c, 0x0e, 0x00, 0x07, 0x03, 0x81, 0xc0, 0x00, 0xe0, 0x70,
        0x38, 0x00, 0x1c, 0x0e, 0x07, 0x00, 0x03, 0x81, 0xc0, 0xe0, 0x00, 0x70, 0x38, 0x1c, 0x00, 0x0e,
        0x07, 0x03, 0x80, 0x01, 0xc0, 0xe0, 0x70, 0x00, 0x38, 0x1c, 0x0e, 0x00, 0x07, 0x03, 0x81, 0xc0,
        0x00, 0xe0, 0x70, 0x38, 0x00, 0x1c, 0x0e, 0x07, 0x00, 0x03, 0x81, 0xc0, 0xe0, 0x00, 0x70, 0x3f,
        0xff, 0xff, 0xfe, 0x03, 0xff, 0xff, 0xff, 0x80, 0x3f, 0xff, 0xff, 0xe0, 0x00, 0x00, 0x00, 0x00,
        0x00, 0x00, 0x00, 0x00, 0x00, 0x00, 0x00, 0x00, 0x00, 0x00,
    },
    { // panel-bottom
        0x00, 0x00, 0x00, 0x00, 0x00, 0x00, 0x00, 0x00, 0x00, 0x00, 0x00, 0x00, 0x00, 0x03, 0xff, 0xff,
        0xfe, 0x00, 0xff, 0xff, 0xff, 0xe0, 0x3f, 0xff, 0xff, 0xfe, 0x07, 0x00, 0x00, 0x01, 0xc0, 0xe0,
        0x00, 0x00, 0x38, 0x1c, 0x00, 0x00, 0x07, 0x03, 0x80, 0x00, 0x00, 0xe0, 0x70, 0x00, 0x00, 0x1c,
        0x0e, 0x00, 0x00, 0x03, 0x81, 0xc0, 0x00, 0x00, 0x70, 0x38, 0x00, 0x00, 0x0e, 0x07, 0x00, 0x00,
        0x01, 0xc0, 0xe0, 0x00, 0x00, 0x38, 0x1c, 0x00, 0x00, 0x07, 0x03, 0x80, 0x00, 0x00, 0xe0, 0x70,
        0x00, 0x00, 0x1c, 0x0e, 0x00, 0x00, 0x03, 0x81, 0xff, 0xff, 0xff, 0xf0, 0x3f, 0xff, 0xff, 0xfe,
        0x07, 0xff, 0xff, 0xff, 0xc0, 0xe0, 0x00, 0x00, 0x38, 0x1c, 0x00, 0x00, 0x07, 0x03, 0x80, 0x00,
        0x00, 0xe0, 0x70, 0x00, 0x00, 0x1c, 0x0e, 0x00, 0x00, 0x03, 0x81, 0xc0, 0x00, 0x00, 0x70, 0x3f,
        0xff, 0xff, 0xfe, 0x03, 0xff, 0xff, 0xff, 0x80, 0x3f, 0xff, 0xff, 0xe0, 0x00, 0x00, 0x00, 0x00,
        0x00, 0x00, 0x00, 0x00, 0x00, 0x00, 0x00, 0x00, 0x00, 0x00,
    },
    { // message-square-code
        0x00, 0x00, 0x00, 0x00, 0x00, 0x00, 0x00, 0x00, 0x00, 0x00, 0x00, 0x00, 0x00, 0x03, 0xff, 0xff,
        0xfe, 0x00, 0xff, 0xff, 0xff, 0xe0, 0x3f, 0xff, 0xff, 0xfe, 0x07, 0x00, 0x00, 0x01, 0xc0, 0xe0,
        0x00, 0x00, 0x38, 0x1c, 0x00, 0x00, 0x07, 0x03, 0x80, 0x00, 0x00, 0xe0, 0x70, 0x1c, 0x70, 0x1c,
        0x0e, 0x07, 0x8f, 0x03, 0x81, 0xc0, 0xe0, 0xf0, 0x70, 0x38, 0x38, 0x0e, 0x0e, 0x07, 0x0f, 0x01,
        0xe1, 0xc0, 0xe0, 0xe0, 0x38, 0x38, 0x1c, 0x1e, 0x0f, 0x07, 0x03, 0x81, 0xe3, 0xc0, 0xe0, 0x70,
        0x1c, 0x70, 0x1c, 0x0e, 0x01, 0x04, 0x03, 0x81, 0xc0, 0x00, 0x00, 0x70, 0x38, 0x00, 0x00, 0x0e,
        0x07, 0x00, 0x00, 0x01, 0xc0, 0xe1, 0xff, 0xff, 0xf8, 0x1c, 0xff, 0xff, 0xfe, 0x03, 0xbf, 0xff,
        0xff, 0x80, 0x77, 0x80, 0x00, 0x00, 0x0f, 0xe0, 0x00, 0x00, 0x01, 0xf8, 0x00, 0x00, 0x00, 0x3e,
        0x00, 0x00, 0x00, 0x07, 0x80, 0x00, 0x00, 0x00, 0xc0, 0x00, 0x00, 0x00, 0x00, 0x00, 0x00, 0x00,
        0x00, 0x00, 0x00, 0x00, 0x00, 0x00, 0x00, 0x00, 0x00, 0x00,
    },
    { // bug
        0x00, 0x00, 0x00, 0x00, 0x00, 0x00, 0x00, 0x00, 0x00, 0x00, 0xe0, 0x0e, 0x00, 0x00, 0x1e, 0xfb,
        0xc0, 0x00, 0x01, 0xff, 0xf0, 0x00, 0x00, 0x1f, 0xfc, 0x00, 0x06, 0x03, 0xc7, 0x81, 0xc0, 0xe0,
        0x70, 0x70, 0x38, 0x1c, 0x0e, 0x0e, 0x07, 0x03, 0x83, 0xff, 0xe0, 0xe0, 0x38, 0xff, 0xfe, 0x38,
        0x07, 0xff, 0xff, 0xff, 0x00, 0x7f, 0x00, 0x1f, 0xc0, 0x07, 0xc0, 0x01, 0xf0, 0x00, 0x78, 0x00,
        0x3c, 0x00, 0x0e, 0x07, 0x03, 0x80, 0x01, 0xc0, 0xe0, 0x70, 0x00, 0x38, 0x1c, 0x0e, 0x00, 0xff,
        0x03, 0x81, 0xfe, 0x1f, 0xe0, 0x70, 0x3f, 0xc0, 0x1c, 0x0e, 0x07, 0x00, 0x03, 0x81, 0xc0, 0xe0,
        0x00, 0x38, 0x38, 0x38, 0x00, 0x07, 0x07, 0x07, 0x00, 0x03, 0xf0, 0xe1, 0xf8, 0x00, 0xfe, 0x1c,
        0x3f, 0x80, 0x3f, 0xe3, 0x8f, 0xf8, 0x07, 0x1f, 0xff, 0xc7, 0x01, 0xc1, 0xff, 0xf0, 0x70, 0x38,
        0x0f, 0xf8, 0x0e, 0x07, 0x00, 0x38, 0x01, 0xc0, 0xc0, 0x00, 0x00, 0x18, 0x00, 0x00, 0x00, 0x00,
        0x00, 0x00, 0x00, 0x00, 0x00, 0x00, 0x00, 0x00, 0x00, 0x00,
    },
    { // bug-off
        0x00, 0x00, 0x00, 0x00, 0x00, 0x00, 0x00, 0x00, 0x00, 0xe0, 0xe0, 0x0e, 0x00, 0x1e, 0x1e, 0xfb,
        0xc0, 0x01, 0xe1, 0xff, 0xf0, 0x00, 0x1e, 0x1f, 0xfc, 0x00, 0x01, 0xe1, 0xc7, 0x81, 0xc0, 0x1e,
        0x00, 0x70, 0x38, 0x01, 0xe0, 0x0e, 0x07, 0x00, 0x1e, 0x0f, 0xe0, 0xe0, 0x01, 0xe1, 0xfe, 0x38,
        0x00, 0x3e, 0x1f, 0xff, 0x00, 0x0f, 0xe0, 0x1f, 0xc0, 0x01, 0xde, 0x01, 0xf0, 0x00, 0x71, 0xe0,
        0x3c, 0x00, 0x0e, 0x1e, 0x03, 0x80, 0x01, 0xc1, 0xe0, 0x70, 0x00, 0x38, 0x1e, 0x0e, 0x00, 0xff,
        0x03, 0xe1, 0xfe, 0x1f, 0xe0, 0x7e, 0x3f, 0xc0, 0x1c, 0x0f, 0xe0, 0x00, 0x03, 0x81, 0xde, 0x00,
        0x00, 0x30, 0x39, 0xe0, 0x00, 0x07, 0x07, 0x1e, 0x00, 0x03, 0xe0, 0xe1, 0xe0, 0x00, 0xfe, 0x1c,
        0x3e, 0x00, 0x3f, 0xe3, 0x8f, 0xe0, 0x07, 0x1f, 0xff, 0xde, 0x01, 0xc1, 0xff, 0xf1, 0xe0, 0x38,
        0x0f, 0xf8, 0x1e, 0x07, 0x00, 0x38, 0x01, 0xe0, 0xc0, 0x00, 0x00, 0x3c, 0x00, 0x00, 0x00, 0x03,
        0x80, 0x00, 0x00, 0x00, 0x00, 0x00, 0x00, 0x00, 0x00, 0x00,
    },
    { // text-cursor-input
        0x00, 0x00, 0x00, 0x00, 0x00, 0x00, 0x00, 0x00, 0x00, 0x00, 0x00, 0x00, 0x00, 0x00, 0x00, 0x00,
        0x00, 0x00, 0x1c, 0x0e, 0x00, 0x00, 0x07, 0xe7, 0xe0, 0x00, 0x00, 0xff, 0xfc, 0x00, 0x00, 0x01,
        0xf8, 0x00, 0x00, 0x00, 0x1e, 0x00, 0x00, 0x00, 0x01, 0xc0, 0x00, 0x00, 0x3c, 0x38, 0xff, 0xf8,
        0x0f, 0xc7, 0x1f, 0xff, 0x83, 0xf0, 0xe3, 0xff, 0xf8, 0x70, 0x1c, 0x00, 0x07, 0x1c, 0x03, 0x80,
        0x00, 0x73, 0x80, 0x70, 0x00, 0x0e, 0x70, 0x0e, 0x00, 0x01, 0xce, 0x01, 0xc0, 0x00, 0x39, 0xc0,
        0x38, 0x00, 0x07, 0x38, 0x07, 0x00, 0x00, 0xe7, 0x00, 0xe0, 0x00, 0x1c, 0x70, 0x1c, 0x00, 0x07,
        0x0f, 0xc3, 0x8f, 0xff, 0xe0, 0xfc, 0x71, 0xff, 0xf8, 0x0f, 0x0e, 0x3f, 0xfe, 0x00, 0x01, 0xc0,
        0x00, 0x00, 0x00, 0x78, 0x00, 0x00, 0x00, 0x1f, 0x80, 0x00, 0x00, 0x3f, 0xff, 0x00, 0x00, 0x07,
        0xe7, 0xe0, 0x00, 0x00, 0x70, 0x38, 0x00, 0x00, 0x00, 0x00, 0x00, 0x00, 0x00, 0x00, 0x00, 0x00,
        0x00, 0x00, 0x00, 0x00, 0x00, 0x00, 0x00, 0x00, 0x00, 0x00,
    },
    { // replace
        0x00, 0x00, 0x00, 0x00, 0x00, 0x01, 0xc0, 0x20, 0x80, 0x00, 0xfc, 0x1e, 0x3c, 0x00, 0x3f, 0x87,
        0xc7, 0xc0, 0x0f, 0x01, 0xe0, 0x38, 0x01, 0xc0, 0x38, 0x03, 0x80, 0x70, 0x07, 0x00, 0x60, 0x0e,
        0x00, 0x00, 0x00, 0x01, 0xc0, 0x00, 0x00, 0x03, 0xb9, 0x80, 0x00, 0x00, 0x7f, 0x70, 0x20, 0x06,
        0x07, 0xfe, 0x0e, 0x00, 0xc0, 0x7f, 0x81, 0xc0, 0x38, 0x07, 0xe0, 0x3e, 0x1f, 0x00, 0x78, 0x03,
        0xe3, 0xc0, 0x0e, 0x00, 0x38, 0x70, 0x00, 0x00, 0x00, 0x00, 0x00, 0x00, 0x00, 0x00, 0x00, 0x00,
        0x00, 0x00, 0x00, 0x07, 0xfc, 0x00, 0x00, 0x01, 0xff, 0xe0, 0x00, 0x00, 0x7f, 0xfc, 0x00, 0x00,
        0x0e, 0x01, 0xc0, 0x00, 0x03, 0x80, 0x38, 0x00, 0x00, 0x70, 0x07, 0x00, 0x00, 0x0e, 0x00, 0xe0,
        0x00, 0x01, 0xc0, 0x1c, 0x00, 0x00, 0x38, 0x03, 0x80, 0x00, 0x07, 0x00, 0x70, 0x00, 0x00, 0x60,
        0x0e, 0x00, 0x00, 0x0e, 0x03, 0xc0, 0x00, 0x01, 0xff, 0xf0, 0x00, 0x00, 0x1f, 0xfc, 0x00, 0x00,
        0x00, 0x7e, 0x00, 0x00, 0x00, 0x00, 0x00, 0x00, 0x00, 0x00,
    },
    { // folder-search
        0x00, 0x00, 0x00, 0x00, 0x00, 0x00, 0x00, 0x00, 0x00, 0x00, 0x00, 0x00, 0x00, 0x07, 0xfe, 0x00,
        0x00, 0x01, 0xff, 0xe0, 0x00, 0x00, 0x7f, 0xfe, 0x00, 0x00, 0x0e, 0x01, 0xc0, 0x00, 0x03, 0x80,
        0x3f, 0xff, 0xe0, 0x70, 0x03, 0xff, 0xff, 0x0e, 0x00, 0x3f, 0xff, 0xf1, 0xc0, 0x00, 0x00, 0x0e,
        0x38, 0x00, 0x00, 0x00, 0xe7, 0x00, 0x00, 0x00, 0x1c, 0xe0, 0x00, 0x00, 0x03, 0x9c, 0x00, 0x00,
        0x00, 0x73, 0x80, 0x00, 0x00, 0x0e, 0x70, 0x00, 0x00, 0x01, 0xce, 0x00, 0x00, 0x00, 0x39, 0xc0,
        0x00, 0x00, 0x06, 0x38, 0x00, 0x01, 0xf0, 0x07, 0x00, 0x00, 0x7f, 0x80, 0xe0, 0x00, 0x1f, 0xf8,
        0x1c, 0x00, 0x07, 0x87, 0x03, 0x80, 0x00, 0xe0, 0xe0, 0x70, 0x00, 0x1c, 0x0e, 0x0e, 0x00, 0x03,
        0x81, 0xc1, 0xc0, 0x00, 0x70, 0x70, 0x1c, 0x00, 0x07, 0x9e, 0x03, 0xff, 0xf8, 0xff, 0xe0, 0x3f,
        0xff, 0x0f, 0xfc, 0x01, 0xff, 0xc0, 0x23, 0xc0, 0x00, 0x00, 0x00, 0x18, 0x00, 0x00, 0x00, 0x00,
        0x00, 0x00, 0x00, 0x00, 0x00, 0x00, 0x00, 0x00, 0x00, 0x00,
    },
    { // files
        0x00, 0x00, 0x00, 0x00, 0x00, 0x00, 0xff, 0xe0, 0x00, 0x00, 0xff, 0xfe, 0x00, 0x00, 0x3f, 0xff,
        0xe0, 0x00, 0x07, 0x80, 0xfe, 0x00, 0x00, 0xe0, 0x1d, 0xe0, 0x00, 0x1c, 0x03, 0x9e, 0x00, 0x03,
        0x80, 0x71, 0xe0, 0x00, 0x70, 0x07, 0x1e, 0x00, 0x0e, 0x00, 0xff, 0xc0, 0x71, 0xc0, 0x0f, 0xf8,
        0x0e, 0x38, 0x00, 0x7f, 0x01, 0xc7, 0x00, 0x00, 0xe0, 0x38, 0xe0, 0x00, 0x1c, 0x07, 0x1c, 0x00,
        0x03, 0x80, 0xe3, 0x80, 0x00, 0x70, 0x1c, 0x70, 0x00, 0x0e, 0x03, 0x8e, 0x00, 0x01, 0xc0, 0x71,
        0xc0, 0x00, 0x38, 0x0e, 0x38, 0x00, 0x07, 0x01, 0xc7, 0x00, 0x00, 0xe0, 0x38, 0xe0, 0x00, 0x1c,
        0x07, 0x1c, 0x00, 0x03, 0x80, 0xe3, 0x80, 0x00, 0x70, 0x1c, 0x70, 0x00, 0x1c, 0x03, 0x8f, 0xff,
        0xff, 0x80, 0x70, 0xff, 0xff, 0xe0, 0x0e, 0x07, 0xff, 0xf0, 0x01, 0xc0, 0x00, 0x00, 0x00, 0x38,
        0x00, 0x00, 0x00, 0x07, 0x00, 0x00, 0x00, 0x00, 0xff, 0xff, 0xe0, 0x00, 0x0f, 0xff, 0xfc, 0x00,
        0x00, 0x7f, 0xff, 0x00, 0x00, 0x00, 0x00, 0x00, 0x00, 0x00,
    },
    { // git-branch
        0x00, 0x00, 0x00, 0x00, 0x00, 0x00, 0x00, 0x00, 0x00, 0x00, 0x00, 0x00, 0x00, 0x00, 0x60, 0x00,
        0x7c, 0x00, 0x1c, 0x00, 0x3f, 0xc0, 0x03, 0x80, 0x0f, 0xfc, 0x00, 0x70, 0x01, 0xc3, 0xc0, 0x0e,
        0x00, 0x38, 0x38, 0x01, 0xc0, 0x0e, 0x07, 0x00, 0x38, 0x01, 0xc0, 0xe0, 0x07, 0x00, 0x1c, 0x1c,
        0x00, 0xe0, 0x03, 0xcf, 0x00, 0x1c, 0x00, 0x3f, 0xe0, 0x03, 0x80, 0x03, 0xf8, 0x00, 0x70, 0x00,
        0x1c, 0x00, 0x0e, 0x00, 0x03, 0x80, 0x01, 0xc0, 0x00, 0xe0, 0x00, 0x38, 0x00, 0x1c, 0x00, 0x07,
        0x00, 0x07, 0x80, 0x00, 0xe0, 0x00, 0xe0, 0x00, 0x1c, 0x00, 0x3c, 0x00, 0x0f, 0xe0, 0x0f, 0x00,
        0x03, 0xfe, 0x03, 0xc0, 0x00, 0x79, 0xe1, 0xf0, 0x00, 0x1c, 0x1c, 0xfc, 0x00, 0x03, 0x81, 0xff,
        0x00, 0x00, 0x70, 0x3f, 0x80, 0x00, 0x0e, 0x0f, 0x00, 0x00, 0x01, 0xe1, 0xc0, 0x00, 0x00, 0x1f,
        0xf8, 0x00, 0x00, 0x01, 0xfe, 0x00, 0x00, 0x00, 0x1f, 0x00, 0x00, 0x00, 0x00, 0x00, 0x00, 0x00,
        0x00, 0x00, 0x00, 0x00, 0x00, 0x00, 0x00, 0x00, 0x00, 0x00,
    },
    { // list-filter
        0x00, 0x00, 0x00, 0x00, 0x00, 0x00, 0x00, 0x00, 0x00, 0x00, 0x00, 0x00, 0x00, 0x00, 0x00, 0x00,
        0x00, 0x00, 0x00, 0x00, 0x00, 0x00, 0x00, 0x00, 0x00, 0x00, 0x00, 0x00, 0x00, 0x00, 0x00, 0x7f,
        0xff, 0xff, 0xf0, 0x1f, 0xff, 0xff, 0xff, 0x03, 0xff, 0xff, 0xff, 0xe0, 0x00, 0x00, 0x00, 0x00,
        0x00, 0x00, 0x00, 0x00, 0x00, 0x00, 0x00, 0x00, 0x00, 0x00, 0x00, 0x00, 0x00, 0x00, 0x00, 0x00,
        0x00, 0x00, 0x00, 0x00, 0x00, 0x00, 0x00, 0x7f, 0xff, 0xc0, 0x00, 0x0f, 0xff, 0xf8, 0x00, 0x01,
        0xff, 0xff, 0x00, 0x00, 0x00, 0x00, 0x00, 0x00, 0x00, 0x00, 0x00, 0x00, 0x00, 0x00, 0x00, 0x00,
        0x00, 0x00, 0x00, 0x00, 0x00, 0x00, 0x00, 0x00, 0x00, 0x00, 0x00, 0x00, 0x00, 0x00, 0x00, 0xff,
        0x80, 0x00, 0x00, 0x1f, 0xf0, 0x00, 0x00, 0x01, 0xfc, 0x00, 0x00, 0x00, 0x00, 0x00, 0x00, 0x00,
        0x00, 0x00, 0x00, 0x00, 0x00, 0x00, 0x00, 0x00, 0x00, 0x00, 0x00, 0x00, 0x00, 0x00, 0x00, 0x00,
        0x00, 0x00, 0x00, 0x00, 0x00, 0x00, 0x00, 0x00, 0x00, 0x00,
    },
    { // mouse-pointer-2
        0x00, 0x00, 0x00, 0x00, 0x00, 0x00, 0x00, 0x00, 0x00, 0x00, 0x00, 0x00, 0x00, 0x00, 0x00, 0x00,
        0x00, 0x00, 0x20, 0x00, 0x00, 0x00, 0x0f, 0x80, 0x00, 0x00, 0x03, 0xfc, 0x00, 0x00, 0x00, 0x3f,
        0xf0, 0x00, 0x00, 0x07, 0x3f, 0x80, 0x00, 0x00, 0xf1, 0xfe, 0x00, 0x00, 0x0e, 0x0f, 0xf0, 0x00,
        0x01, 0xc0, 0x3f, 0xc0, 0x00, 0x1c, 0x01, 0xfe, 0x00, 0x03, 0x80, 0x07, 0xf0, 0x00, 0x78, 0x00,
        0x3f, 0x80, 0x07, 0x00, 0x00, 0xf8, 0x00, 0xe0, 0x00, 0x7f, 0x00, 0x0e, 0x00, 0xff, 0xc0, 0x01,
        0xc0, 0x7f, 0xe0, 0x00, 0x3c, 0x1f, 0xc0, 0x00, 0x03, 0x83, 0x80, 0x00, 0x00, 0x70, 0xe0, 0x00,
        0x00, 0x07, 0x1c, 0x00, 0x00, 0x00, 0xe3, 0x80, 0x00, 0x00, 0x0e, 0x70, 0x00, 0x00, 0x01, 0xdc,
        0x00, 0x00, 0x00, 0x3b, 0x80, 0x00, 0x00, 0x03, 0xf0, 0x00, 0x00, 0x00, 0x7e, 0x00, 0x00, 0x00,
        0x07, 0x80, 0x00, 0x00, 0x00, 0xf0, 0x00, 0x00, 0x00, 0x0c, 0x00, 0x00, 0x00, 0x00, 0x00, 0x00,
        0x00, 0x00, 0x00, 0x00, 0x00, 0x00, 0x00, 0x00, 0x00, 0x00,
    },
    { // arrow-up
        0x00, 0x00, 0x00, 0x00, 0x00, 0x00, 0x00, 0x00, 0x00, 0x00, 0x00, 0x00, 0x00, 0x00, 0x00, 0x00,
        0x00, 0x00, 0x00, 0x00, 0x00, 0x00, 0x00, 0x00, 0x00, 0x00, 0x00, 0x00, 0x38, 0x00, 0x00, 0x00,
        0x0f, 0x80, 0x00, 0x00, 0x03, 0xf8, 0x00, 0x00, 0x00, 0xff, 0x80, 0x00, 0x00, 0x3f, 0xf8, 0x00,
        0x00, 0x0f, 0x77, 0x80, 0x00, 0x03, 0xce, 0x78, 0x00, 0x00, 0xf1, 0xc7, 0x80, 0x00, 0x3c, 0x38,
        0x78, 0x00, 0x0f, 0x07, 0x07, 0x80, 0x03, 0xc0, 0xe0, 0x78, 0x00, 0x70, 0x1c, 0x07, 0x00, 0x0c,
        0x03, 0x80, 0x60, 0x00, 0x00, 0x70, 0x00, 0x00, 0x00, 0x0e, 0x00, 0x00, 0x00, 0x01, 0xc0, 0x00,
        0x00, 0x00, 0x38, 0x00, 0x00, 0x00, 0x07, 0x00, 0x00, 0x00, 0x00, 0xe0, 0x00, 0x00, 0x00, 0x1c,
        0x00, 0x00, 0x00, 0x03, 0x80, 0x00, 0x00, 0x00, 0x70, 0x00, 0x00, 0x00, 0x0e, 0x00, 0x00, 0x00,
        0x00, 0x00, 0x00, 0x00, 0x00, 0x00, 0x00, 0x00, 0x00, 0x00, 0x00, 0x00, 0x00, 0x00, 0x00, 0x00,
        0x00, 0x00, 0x00, 0x00, 0x00, 0x00, 0x00, 0x00, 0x00, 0x00,
    },
    { // arrow-down
        0x00, 0x00, 0x00, 0x00, 0x00, 0x00, 0x00, 0x00, 0x00, 0x00, 0x00, 0x00, 0x00, 0x00, 0x00, 0x00,
        0x00, 0x00, 0x00, 0x00, 0x00, 0x00, 0x00, 0x00, 0x00, 0x00, 0x00, 0x00, 0x38, 0x00, 0x00, 0x00,
        0x07, 0x00, 0x00, 0x00, 0x00, 0xe0, 0x00, 0x00, 0x00, 0x1c, 0x00, 0x00, 0x00, 0x03, 0x80, 0x00,
        0x00, 0x00, 0x70, 0x00, 0x00, 0x00, 0x0e, 0x00, 0x00, 0x00, 0x01, 0xc0, 0x00, 0x00, 0x00, 0x38,
        0x00, 0x00, 0x00, 0x07, 0x00, 0x00, 0x03, 0x00, 0xe0, 0x18, 0x00, 0x70, 0x1c, 0x07, 0x00, 0x0f,
        0x03, 0x81, 0xe0, 0x00, 0xf0, 0x70, 0x78, 0x00, 0x0f, 0x0e, 0x1e, 0x00, 0x00, 0xf1, 0xc7, 0x80,
        0x00, 0x0f, 0x39, 0xe0, 0x00, 0x00, 0xf7, 0x78, 0x00, 0x00, 0x0f, 0xfe, 0x00, 0x00, 0x00, 0xff,
        0x80, 0x00, 0x00, 0x0f, 0xe0, 0x00, 0x00, 0x00, 0xf8, 0x00, 0x00, 0x00, 0x0e, 0x00, 0x00, 0x00,
        0x00, 0x00, 0x00, 0x00, 0x00, 0x00, 0x00, 0x00, 0x00, 0x00, 0x00, 0x00, 0x00, 0x00, 0x00, 0x00,
        0x00, 0x00, 0x00, 0x00, 0x00, 0x00, 0x00, 0x00, 0x00, 0x00,
    },
    { // file-plus
        0x00, 0x00, 0x00, 0x00, 0x00, 0x1f, 0xff, 0x80, 0x00, 0x0f, 0xff, 0xf8, 0x00, 0x03, 0xff, 0xff,
        0x80, 0x00, 0x70, 0x01, 0xf8, 0x00, 0x1c, 0x00, 0x3f, 0x80, 0x03, 0x80, 0x07, 0x78, 0x00, 0x70,
        0x00, 0xe7, 0x80, 0x0e, 0x00, 0x1c, 0x78, 0x01, 0xc0, 0x03, 0x87, 0x80, 0x38, 0x00, 0x7f, 0xf8,
        0x07, 0x00, 0x07, 0xff, 0x00, 0xe0, 0x00, 0x7f, 0xe0, 0x1c, 0x00, 0x00, 0x1c, 0x03, 0x80, 0x00,
        0x03, 0x80, 0x70, 0x00, 0x00, 0x70, 0x0e, 0x00, 0x40, 0x0e, 0x01, 0xc0, 0x1c, 0x01, 0xc0, 0x38,
        0x03, 0x80, 0x38, 0x07, 0x00, 0x70, 0x07, 0x00, 0xe0, 0x7f, 0xc0, 0xe0, 0x1c, 0x1f, 0xfc, 0x1c,
        0x03, 0x83, 0xff, 0x83, 0x80, 0x70, 0x07, 0x00, 0x70, 0x0e, 0x00, 0xe0, 0x0e, 0x01, 0xc0, 0x1c,
        0x01, 0xc0, 0x38, 0x03, 0x80, 0x38, 0x07, 0x00, 0x20, 0x07, 0x00, 0xe0, 0x00, 0x00, 0xe0, 0x1c,
        0x00, 0x00, 0x1c, 0x01, 0xc0, 0x00, 0x07, 0x00, 0x3f, 0xff, 0xff, 0xe0, 0x03, 0xff, 0xff, 0xf8,
        0x00, 0x1f, 0xff, 0xfc, 0x00, 0x00, 0x00, 0x00, 0x00, 0x00,
    },
    { // file-pen
        0x00, 0x00, 0x00, 0x00, 0x00, 0x1f, 0xff, 0x80, 0x00, 0x0f, 0xff, 0xf8, 0x00, 0x03, 0xff, 0xff,
        0x80, 0x00, 0x70, 0x01, 0xf8, 0x00, 0x1c, 0x00, 0x3f, 0x80, 0x03, 0x80, 0x07, 0x78, 0x00, 0x70,
        0x00, 0xe7, 0x80, 0x0e, 0x00, 0x1c, 0x78, 0x01, 0xc0, 0x03, 0x87, 0x80, 0x38, 0x00, 0x7f, 0xf8,
        0x07, 0x00, 0x07, 0xff, 0x00, 0xe0, 0x00, 0x7f, 0xe0, 0x1c, 0x00, 0x00, 0x1c, 0x03, 0x80, 0x00,
        0x03, 0x80, 0x70, 0x00, 0x00, 0x70, 0x0e, 0x01, 0xe0, 0x0e, 0x01, 0xc0, 0x7f, 0x01, 0xc0, 0x38,
        0x1f, 0xe0, 0x38, 0x07, 0x07, 0x8e, 0x07, 0x00, 0x61, 0xe1, 0xc0, 0xe0, 0x00, 0x78, 0x38, 0x1c,
        0x00, 0x1e, 0x0e, 0x03, 0x80, 0x07, 0x83, 0xc0, 0x70, 0x01, 0xe0, 0xf0, 0x0e, 0x00, 0x78, 0x3c,
        0x01, 0xc0, 0x0e, 0x0f, 0x00, 0x38, 0x03, 0x83, 0xc0, 0x07, 0x00, 0x70, 0xf0, 0x00, 0xe0, 0x0e,
        0x7c, 0x00, 0x1c, 0x01, 0xff, 0x00, 0x07, 0x00, 0x7f, 0xc3, 0xff, 0xe0, 0x07, 0xc0, 0x7f, 0xf8,
        0x00, 0x40, 0x07, 0xfc, 0x00, 0x00, 0x00, 0x00, 0x00, 0x00,
    },
    { // square-terminal
        0x00, 0x00, 0x00, 0x00, 0x00, 0x00, 0x00, 0x00, 0x00, 0x00, 0x00, 0x00, 0x00, 0x03, 0xff, 0xff,
        0xfe, 0x00, 0xff, 0xff, 0xff, 0xe0, 0x3f, 0xff, 0xff, 0xfe, 0x07, 0x00, 0x00, 0x01, 0xc0, 0xe0,
        0x00, 0x00, 0x38, 0x1c, 0x00, 0x00, 0x07, 0x03, 0x8c, 0x00, 0x00, 0xe0, 0x71, 0xe0, 0x00, 0x1c,
        0x0e, 0x1e, 0x00, 0x03, 0x81, 0xc3, 0xc0, 0x00, 0x70, 0x38, 0x38, 0x00, 0x0e, 0x07, 0x0f, 0x00,
        0x01, 0xc0, 0xe3, 0xc0, 0x00, 0x38, 0x1c, 0x70, 0x00, 0x07, 0x03, 0x80, 0x00, 0x00, 0xe0, 0x70,
        0x07, 0xf8, 0x1c, 0x0e, 0x00, 0xff, 0x03, 0x81, 0xc0, 0x00, 0x00, 0x70, 0x38, 0x00, 0x00, 0x0e,
        0x07, 0x00, 0x00, 0x01, 0xc0, 0xe0, 0x00, 0x00, 0x38, 0x1c, 0x00, 0x00, 0x07, 0x03, 0x80, 0x00,
        0x00, 0xe0, 0x70, 0x00, 0x00, 0x1c, 0x0e, 0x00, 0x00, 0x03, 0x81, 0xc0, 0x00, 0x00, 0x70, 0x3f,
        0xff, 0xff, 0xfe, 0x03, 0xff, 0xff, 0xff, 0x80, 0x3f, 0xff, 0xff, 0xe0, 0x00, 0x00, 0x00, 0x00,
        0x00, 0x00, 0x00, 0x00, 0x00, 0x00, 0x00, 0x00, 0x00, 0x00,
    },
    { // blocks
        0x00, 0x00, 0x00, 0x00, 0x00, 0x00, 0x00, 0x00, 0x00, 0x00, 0x00, 0x00, 0x00, 0x00, 0x00, 0x07,
        0xff, 0x00, 0x00, 0x01, 0xff, 0xf0, 0x00, 0x00, 0x3f, 0xfe, 0x00, 0x00, 0x07, 0x01, 0xc0, 0x00,
        0x00, 0xe0, 0x38, 0x00, 0x00, 0x1c, 0x07, 0x01, 0xff, 0xc3, 0x80, 0xe0, 0x7f, 0xfc, 0x70, 0x1c,
        0x0f, 0xff, 0x8e, 0x03, 0x81, 0xc0, 0x71, 0xc0, 0x70, 0x38, 0x0e, 0x3f, 0xfe, 0x07, 0x01, 0xc7,
        0xff, 0xc0, 0xe0, 0x38, 0x7f, 0xf0, 0x1c, 0x07, 0x00, 0x00, 0x03, 0x80, 0xe0, 0x00, 0x00, 0x70,
        0x1c, 0x00, 0x00, 0x0f, 0xff, 0xff, 0xc0, 0x01, 0xff, 0xff, 0xfc, 0x00, 0x3f, 0xff, 0xff, 0x80,
        0x07, 0x01, 0xc0, 0x70, 0x00, 0xe0, 0x38, 0x0e, 0x00, 0x1c, 0x07, 0x01, 0xc0, 0x03, 0x80, 0xe0,
        0x38, 0x00, 0x70, 0x1c, 0x07, 0x00, 0x0e, 0x03, 0x80, 0xe0, 0x01, 0xc0, 0x70, 0x1c, 0x00, 0x3f,
        0xff, 0xff, 0x80, 0x07, 0xff, 0xff, 0xf0, 0x00, 0x7f, 0xff, 0xfc, 0x00, 0x00, 0x00, 0x00, 0x00,
        0x00, 0x00, 0x00, 0x00, 0x00, 0x00, 0x00, 0x00, 0x00, 0x00,
    },
    { // paintbrush
        0x00, 0x00, 0x00, 0x00, 0x00, 0x00, 0x00, 0x01, 0x80, 0x00, 0x00, 0x00, 0xfc, 0x00, 0x00, 0x00,
        0x3f, 0xc0, 0x00, 0x00, 0x0f, 0x38, 0x00, 0x00, 0x03, 0xc3, 0x00, 0x00, 0xf0, 0xf0, 0x60, 0x00,
        0x7f, 0xbc, 0x1c, 0x00, 0x1f, 0xff, 0x07, 0x80, 0x03, 0x87, 0xc1, 0xe0, 0x00, 0x70, 0x70, 0x78,
        0x00, 0x0f, 0x00, 0x1e, 0x00, 0x01, 0xf0, 0x07, 0x80, 0x00, 0x7f, 0x01, 0xe0, 0x00, 0x3e, 0xf0,
        0x38, 0x00, 0x3f, 0x8f, 0x07, 0x80, 0x3f, 0xc0, 0xf0, 0x70, 0x07, 0xe0, 0x0f, 0x07, 0x00, 0xe0,
        0x00, 0xf0, 0xe0, 0x1e, 0x00, 0x0f, 0x1c, 0x01, 0xe0, 0x00, 0xf3, 0x80, 0x1f, 0x80, 0x0f, 0xe0,
        0x03, 0xff, 0x00, 0xfc, 0x00, 0x3f, 0xfc, 0x3f, 0x00, 0x03, 0xff, 0xff, 0x00, 0x00, 0x3c, 0x7f,
        0xc0, 0x00, 0x03, 0x81, 0xf8, 0x00, 0x00, 0x38, 0x1e, 0x00, 0x00, 0x07, 0x87, 0x80, 0x00, 0x00,
        0x79, 0xe0, 0x00, 0x00, 0x07, 0xf8, 0x00, 0x00, 0x00, 0x7e, 0x00, 0x00, 0x00, 0x07, 0x80, 0x00,
        0x00, 0x00, 0x00, 0x00, 0x00, 0x00, 0x00, 0x00, 0x00, 0x00,
    },
    { // eraser
        0x00, 0x00, 0x00, 0x00, 0x00, 0x00, 0x00, 0x00, 0x00, 0x00, 0x00, 0x00, 0x00, 0x00, 0x00, 0x1f,
        0x00, 0x00, 0x00, 0x07, 0xf0, 0x00, 0x00, 0x01, 0xff, 0x00, 0x00, 0x00, 0x78, 0xf0, 0x00, 0x00,
        0x1e, 0x0f, 0x00, 0x00, 0x07, 0x80, 0xf0, 0x00, 0x01, 0xe0, 0x0f, 0x00, 0x00, 0x78, 0x00, 0xf0,
        0x00, 0x1e, 0x00, 0x0f, 0x00, 0x07, 0x80, 0x00, 0xf0, 0x01, 0xe0, 0x00, 0x0f, 0x00, 0x78, 0x00,
        0x00, 0xe0, 0x1e, 0x00, 0x00, 0x0c, 0x07, 0xc0, 0x00, 0x01, 0xc1, 0xfc, 0x00, 0x00, 0x70, 0x7b,
        0xc0, 0x00, 0x1e, 0x1e, 0x3c, 0x00, 0x07, 0x83, 0x83, 0xc0, 0x01, 0xe0, 0xe0, 0x3c, 0x00, 0x78,
        0x0c, 0x03, 0xc0, 0x1e, 0x01, 0xc0, 0x3c, 0x07, 0x80, 0x3c, 0x03, 0xc1, 0xe0, 0x03, 0xc0, 0x3c,
        0x78, 0x00, 0x3c, 0x03, 0xde, 0x00, 0x03, 0xc0, 0x3f, 0x80, 0x00, 0x3c, 0x03, 0xe0, 0x00, 0x03,
        0xff, 0xff, 0xff, 0x00, 0x3f, 0xff, 0xff, 0xe0, 0x03, 0xff, 0xff, 0xfc, 0x00, 0x00, 0x00, 0x00,
        0x00, 0x00, 0x00, 0x00, 0x00, 0x00, 0x00, 0x00, 0x00, 0x00,
    },
    { // crop
        0x00, 0x00, 0x00, 0x00, 0x00, 0x00, 0x00, 0x00, 0x00, 0x07, 0x00, 0x00, 0x00, 0x00, 0xe0, 0x00,
        0x00, 0x00, 0x1c, 0x00, 0x00, 0x00, 0x03, 0x80, 0x00, 0x00, 0x00, 0x70, 0x00, 0x00, 0x01, 0xff,
        0xff, 0xfc, 0x00, 0x3f, 0xff, 0xff, 0xc0, 0x07, 0xff, 0xff, 0xfc, 0x00, 0x07, 0x00, 0x03, 0xc0,
        0x00, 0xe0, 0x00, 0x38, 0x00, 0x1c, 0x00, 0x07, 0x00, 0x03, 0x80, 0x00, 0xe0, 0x00, 0x70, 0x00,
        0x1c, 0x00, 0x0e, 0x00, 0x03, 0x80, 0x01, 0xc0, 0x00, 0x70, 0x00, 0x38, 0x00, 0x0e, 0x00, 0x07,
        0x00, 0x01, 0xc0, 0x00, 0xe0, 0x00, 0x38, 0x00, 0x1c, 0x00, 0x07, 0x00, 0x03, 0x80, 0x00, 0xe0,
        0x00, 0x70, 0x00, 0x1c, 0x00, 0x0e, 0x00, 0x03, 0x80, 0x01, 0xe0, 0x00, 0x70, 0x00, 0x1f, 0xff,
        0xff, 0xf0, 0x01, 0xff, 0xff, 0xfe, 0x00, 0x1f, 0xff, 0xff, 0xc0, 0x00, 0x00, 0x07, 0x00, 0x00,
        0x00, 0x00, 0xe0, 0x00, 0x00, 0x00, 0x1c, 0x00, 0x00, 0x00, 0x03, 0x80, 0x00, 0x00, 0x00, 0x70,
        0x00, 0x00, 0x00, 0x00, 0x00, 0x00, 0x00, 0x00, 0x00, 0x00,
    },
    { // lasso
        0x00, 0x00, 0x00, 0x00, 0x00, 0x00, 0x1c, 0x00, 0x00, 0x00, 0x7f, 0xfc, 0x00, 0x00, 0x3f, 0xff,
        0xe0, 0x00, 0x1f, 0xe0, 0xff, 0x00, 0x07, 0xc0, 0x03, 0xf0, 0x01, 0xe0, 0x00, 0x0f, 0x00, 0x78,
        0x00, 0x00, 0xf0, 0x1e, 0x00, 0x00, 0x0f, 0x03, 0x80, 0x00, 0x00, 0xe0, 0xe0, 0x00, 0x00, 0x0e,
        0x1c, 0x00, 0x00, 0x01, 0xc3, 0x80, 0x00, 0x00, 0x38, 0x60, 0x00, 0x00, 0x03, 0x1c, 0x00, 0x00,
        0x00, 0x73, 0x80, 0x00, 0x00, 0x0c, 0x38, 0x00, 0x00, 0x03, 0x87, 0x00, 0x00, 0x00, 0x70, 0xe0,
        0x00, 0x00, 0x0e, 0x0f, 0xc0, 0x00, 0x03, 0x81, 0xfe, 0x00, 0x00, 0xf0, 0x3f, 0xc0, 0x00, 0x3c,
        0x07, 0x3c, 0x00, 0x0f, 0x00, 0xe3, 0x80, 0x07, 0xc0, 0x1c, 0xfc, 0x07, 0xf0, 0x01, 0xff, 0xff,
        0xf8, 0x00, 0x3f, 0xff, 0xfc, 0x00, 0x01, 0xc1, 0xf8, 0x00, 0x00, 0x38, 0x00, 0x00, 0x00, 0x07,
        0x80, 0x00, 0x00, 0x00, 0x78, 0x00, 0x00, 0x00, 0x07, 0x00, 0x00, 0x00, 0x00, 0x70, 0x00, 0x00,
        0x00, 0x00, 0x00, 0x00, 0x00, 0x00, 0x00, 0x00, 0x00, 0x00,
    },
    { // square-dashed
        0x00, 0x00, 0x00, 0x00, 0x00, 0x00, 0x00, 0x00, 0x00, 0x00, 0x00, 0x00, 0x00, 0x03, 0x87, 0x8f,
        0x0e, 0x00, 0xf8, 0xf1, 0xe3, 0xe0, 0x3e, 0x1c, 0x1c, 0x3e, 0x07, 0x00, 0x00, 0x01, 0xc0, 0xe0,
        0x00, 0x00, 0x38, 0x08, 0x00, 0x00, 0x02, 0x00, 0x00, 0x00, 0x00, 0x00, 0x00, 0x00, 0x00, 0x00,
        0x00, 0x00, 0x00, 0x00, 0x01, 0xc0, 0x00, 0x00, 0x70, 0x38, 0x00, 0x00, 0x0e, 0x07, 0x00, 0x00,
        0x01, 0xc0, 0xc0, 0x00, 0x00, 0x18, 0x00, 0x00, 0x00, 0x00, 0x00, 0x00, 0x00, 0x00, 0x00, 0x00,
        0x00, 0x00, 0x00, 0x0c, 0x00, 0x00, 0x01, 0x81, 0xc0, 0x00, 0x00, 0x70, 0x38, 0x00, 0x00, 0x0e,
        0x07, 0x00, 0x00, 0x01, 0xc0, 0x00, 0x00, 0x00, 0x00, 0x00, 0x00, 0x00, 0x00, 0x00, 0x00, 0x00,
        0x00, 0x00, 0x20, 0x00, 0x00, 0x08, 0x0e, 0x00, 0x00, 0x03, 0x81, 0xc0, 0x00, 0x00, 0x70, 0x3e,
        0x1c, 0x1c, 0x3e, 0x03, 0xe3, 0xc7, 0x8f, 0x80, 0x38, 0x78, 0xf0, 0xe0, 0x00, 0x00, 0x00, 0x00,
        0x00, 0x00, 0x00, 0x00, 0x00, 0x00, 0x00, 0x00, 0x00, 0x00,
    },
    { // pipette
        0x00, 0x00, 0x00, 0x00, 0x00, 0x00, 0x00, 0x01, 0x80, 0x00, 0x00, 0x00, 0xfc, 0x00, 0x00, 0x00,
        0x3f, 0xc0, 0x00, 0x00, 0x0f, 0x38, 0x00, 0x00, 0x03, 0xc3, 0x80, 0x00, 0x1e, 0xf0, 0x70, 0x00,
        0x07, 0xfc, 0x1c, 0x00, 0x01, 0xff, 0x07, 0x80, 0x00, 0x38, 0xc1, 0xe0, 0x00, 0x06, 0x00, 0x78,
        0x00, 0x00, 0xe0, 0x1e, 0x00, 0x00, 0x1e, 0x07, 0x80, 0x00, 0x03, 0xe0, 0xe0, 0x00, 0x00, 0xfe,
        0x0e, 0x00, 0x00, 0x3d, 0xe1, 0xc0, 0x00, 0x0f, 0x1e, 0x38, 0x00, 0x03, 0xc1, 0xff, 0x00, 0x00,
        0xf0, 0x7f, 0xc0, 0x00, 0x3c, 0x1f, 0xf0, 0x00, 0x0f, 0x07, 0x80, 0x00, 0x03, 0xc1, 0xe0, 0x00,
        0x00, 0xf0, 0x78, 0x00, 0x00, 0x3c, 0x1e, 0x00, 0x00, 0x0f, 0x07, 0x80, 0x00, 0x03, 0xc1, 0xe0,
        0x00, 0x00, 0x70, 0x78, 0x00, 0x00, 0x0e, 0x1e, 0x00, 0x00, 0x01, 0xc7, 0x80, 0x00, 0x00, 0x3f,
        0xe0, 0x00, 0x00, 0x0f, 0xf8, 0x00, 0x00, 0x01, 0xfe, 0x00, 0x00, 0x00, 0x38, 0x00, 0x00, 0x00,
        0x00, 0x00, 0x00, 0x00, 0x00, 0x00, 0x00, 0x00, 0x00, 0x00,
    },
    { // bandage
        0x00, 0x00, 0x00, 0x00, 0x00, 0x00, 0x00, 0x00, 0x00, 0x00, 0x00, 0x00, 0x00, 0x00, 0x00, 0x00,
        0x00, 0x00, 0x00, 0x00, 0x00, 0x00, 0x00, 0x00, 0x00, 0x00, 0x00, 0x00, 0x00, 0x00, 0x00, 0x3f,
        0xff, 0xff, 0xe0, 0x1f, 0xff, 0xff, 0xff, 0x07, 0xff, 0xff, 0xff, 0xf0, 0xe7, 0x00, 0x01, 0xce,
        0x18, 0xe0, 0x00, 0x38, 0xc7, 0x1c, 0x00, 0x07, 0x1c, 0xe3, 0x84, 0x10, 0xe3, 0x9c, 0x71, 0xc7,
        0x1c, 0x73, 0x8e, 0x18, 0xc3, 0x8e, 0x71, 0xc0, 0x00, 0x71, 0xce, 0x38, 0x00, 0x0e, 0x39, 0xc7,
        0x00, 0x01, 0xc7, 0x38, 0xe1, 0x8c, 0x38, 0xe7, 0x1c, 0x71, 0xc7, 0x1c, 0xe3, 0x84, 0x10, 0xe3,
        0x9c, 0x70, 0x00, 0x1c, 0x71, 0x8e, 0x00, 0x03, 0x8c, 0x39, 0xc0, 0x00, 0x73, 0x87, 0xff, 0xff,
        0xff, 0xf0, 0x7f, 0xff, 0xff, 0xfc, 0x03, 0xff, 0xff, 0xfe, 0x00, 0x00, 0x00, 0x00, 0x00, 0x00,
        0x00, 0x00, 0x00, 0x00, 0x00, 0x00, 0x00, 0x00, 0x00, 0x00, 0x00, 0x00, 0x00, 0x00, 0x00, 0x00,
        0x00, 0x00, 0x00, 0x00, 0x00, 0x00, 0x00, 0x00, 0x00, 0x00,
    },
    { // type
        0x00, 0x00, 0x00, 0x00, 0x00, 0x00, 0x00, 0x00, 0x00, 0x00, 0x00, 0x00, 0x00, 0x00, 0x00, 0x00,
        0x00, 0x00, 0x7f, 0xff, 0xff, 0xc0, 0x1f, 0xff, 0xff, 0xfc, 0x03, 0xff, 0xff, 0xff, 0x80, 0x70,
        0x07, 0x00, 0x70, 0x0e, 0x00, 0xe0, 0x0e, 0x01, 0xc0, 0x1c, 0x01, 0xc0, 0x38, 0x03, 0x80, 0x38,
        0x02, 0x00, 0x70, 0x02, 0x00, 0x00, 0x0e, 0x00, 0x00, 0x00, 0x01, 0xc0, 0x00, 0x00, 0x00, 0x38,
        0x00, 0x00, 0x00, 0x07, 0x00, 0x00, 0x00, 0x00, 0xe0, 0x00, 0x00, 0x00, 0x1c, 0x00, 0x00, 0x00,
        0x03, 0x80, 0x00, 0x00, 0x00, 0x70, 0x00, 0x00, 0x00, 0x0e, 0x00, 0x00, 0x00, 0x01, 0xc0, 0x00,
        0x00, 0x00, 0x38, 0x00, 0x00, 0x00, 0x07, 0x00, 0x00, 0x00, 0x00, 0xe0, 0x00, 0x00, 0x00, 0x1c,
        0x00, 0x00, 0x00, 0x03, 0x80, 0x00, 0x00, 0x00, 0x70, 0x00, 0x00, 0x00, 0xff, 0xe0, 0x00, 0x00,
        0x1f, 0xfc, 0x00, 0x00, 0x01, 0xff, 0x00, 0x00, 0x00, 0x00, 0x00, 0x00, 0x00, 0x00, 0x00, 0x00,
        0x00, 0x00, 0x00, 0x00, 0x00, 0x00, 0x00, 0x00, 0x00, 0x00,
    },
    { // scan
        0x00, 0x00, 0x00, 0x00, 0x00, 0x00, 0x00, 0x00, 0x00, 0x00, 0x00, 0x00, 0x00, 0x03, 0xf0, 0x00,
        0x7e, 0x00, 0xff, 0x00, 0x1f, 0xe0, 0x3f, 0xc0, 0x01, 0xfe, 0x07, 0x00, 0x00, 0x01, 0xc0, 0xe0,
        0x00, 0x00, 0x38, 0x1c, 0x00, 0x00, 0x07, 0x03, 0x80, 0x00, 0x00, 0xe0, 0x70, 0x00, 0x00, 0x1c,
        0x04, 0x00, 0x00, 0x01, 0x00, 0x00, 0x00, 0x00, 0x00, 0x00, 0x00, 0x00, 0x00, 0x00, 0x00, 0x00,
        0x00, 0x00, 0x00, 0x00, 0x00, 0x00, 0x00, 0x00, 0x00, 0x00, 0x00, 0x00, 0x00, 0x00, 0x00, 0x00,
        0x00, 0x00, 0x00, 0x00, 0x00, 0x00, 0x00, 0x00, 0x00, 0x00, 0x00, 0x00, 0x00, 0x00, 0x00, 0x00,
        0x00, 0x00, 0x00, 0x00, 0x00, 0x40, 0x00, 0x00, 0x10, 0x1c, 0x00, 0x00, 0x07, 0x03, 0x80, 0x00,
        0x00, 0xe0, 0x70, 0x00, 0x00, 0x1c, 0x0e, 0x00, 0x00, 0x03, 0x81, 0xc0, 0x00, 0x00, 0x70, 0x3f,
        0xc0, 0x01, 0xfe, 0x03, 0xfc, 0x00, 0x7f, 0x80, 0x3f, 0x00, 0x07, 0xe0, 0x00, 0x00, 0x00, 0x00,
        0x00, 0x00, 0x00, 0x00, 0x00, 0x00, 0x00, 0x00, 0x00, 0x00,
    },
    { // undo
        0x00, 0x00, 0x00, 0x00, 0x00, 0x00, 0x00, 0x00, 0x00, 0x00, 0x00, 0x00, 0x00, 0x00, 0x00, 0x00,
        0x00, 0x00, 0x00, 0x00, 0x00, 0x00, 0x00, 0x00, 0x00, 0x00, 0x00, 0x00, 0x00, 0x00, 0x00, 0x00,
        0x00, 0x00, 0x00, 0x00, 0x00, 0x00, 0x00, 0x03, 0x80, 0x00, 0x00, 0x00, 0x70, 0x07, 0xc0, 0x00,
        0x0e, 0x07, 0xff, 0x00, 0x01, 0xc3, 0xff, 0xf8, 0x00, 0x39, 0xfc, 0x1f, 0xc0, 0x07, 0x7c, 0x00,
        0x7c, 0x00, 0xfe, 0x00, 0x03, 0xc0, 0x1f, 0x80, 0x00, 0x38, 0x03, 0xf0, 0x00, 0x03, 0x80, 0x7f,
        0xf0, 0x00, 0x78, 0x0f, 0xfe, 0x00, 0x07, 0x00, 0x80, 0x00, 0x00, 0xe0, 0x00, 0x00, 0x00, 0x0e,
        0x00, 0x00, 0x00, 0x01, 0xc0, 0x00, 0x00, 0x00, 0x38, 0x00, 0x00, 0x00, 0x07, 0x00, 0x00, 0x00,
        0x00, 0xe0, 0x00, 0x00, 0x00, 0x00, 0x00, 0x00, 0x00, 0x00, 0x00, 0x00, 0x00, 0x00, 0x00, 0x00,
        0x00, 0x00, 0x00, 0x00, 0x00, 0x00, 0x00, 0x00, 0x00, 0x00, 0x00, 0x00, 0x00, 0x00, 0x00, 0x00,
        0x00, 0x00, 0x00, 0x00, 0x00, 0x00, 0x00, 0x00, 0x00, 0x00,
    },
    { // redo
        0x00, 0x00, 0x00, 0x00, 0x00, 0x00, 0x00, 0x00, 0x00, 0x00, 0x00, 0x00, 0x00, 0x00, 0x00, 0x00,
        0x00, 0x00, 0x00, 0x00, 0x00, 0x00, 0x00, 0x00, 0x00, 0x00, 0x00, 0x00, 0x00, 0x00, 0x00, 0x00,
        0x00, 0x00, 0x00, 0x00, 0x00, 0x00, 0x00, 0x00, 0x00, 0x00, 0x00, 0xe0, 0x00, 0x07, 0xc0, 0x1c,
        0x00, 0x07, 0xff, 0x03, 0x80, 0x03, 0xff, 0xf8, 0x70, 0x01, 0xfc, 0x1f, 0xce, 0x00, 0x7c, 0x00,
        0x7d, 0xc0, 0x1e, 0x00, 0x03, 0xf8, 0x03, 0x80, 0x00, 0x3f, 0x00, 0xe0, 0x00, 0x07, 0xe0, 0x3c,
        0x00, 0x1f, 0xfc, 0x07, 0x00, 0x03, 0xff, 0x80, 0xe0, 0x00, 0x00, 0x20, 0x38, 0x00, 0x00, 0x00,
        0x07, 0x00, 0x00, 0x00, 0x00, 0xe0, 0x00, 0x00, 0x00, 0x1c, 0x00, 0x00, 0x00, 0x03, 0x80, 0x00,
        0x00, 0x00, 0x00, 0x00, 0x00, 0x00, 0x00, 0x00, 0x00, 0x00, 0x00, 0x00, 0x00, 0x00, 0x00, 0x00,
        0x00, 0x00, 0x00, 0x00, 0x00, 0x00, 0x00, 0x00, 0x00, 0x00, 0x00, 0x00, 0x00, 0x00, 0x00, 0x00,
        0x00, 0x00, 0x00, 0x00, 0x00, 0x00, 0x00, 0x00, 0x00, 0x00,
    },
    { // copy
        0x00, 0x00, 0x00, 0x00, 0x00, 0x7f, 0xff, 0x00, 0x00, 0x7f, 0xff, 0xf8, 0x00, 0x1f, 0xff, 0xff,
        0x80, 0x03, 0x80, 0x00, 0x78, 0x00, 0x60, 0x00, 0x07, 0x00, 0x1c, 0x00, 0x00, 0xe0, 0x03, 0x80,
        0x00, 0x00, 0x00, 0x70, 0x00, 0x00, 0x00, 0x0e, 0x00, 0x00, 0x00, 0x01, 0xc0, 0x1f, 0xff, 0xf0,
        0x38, 0x07, 0xff, 0xff, 0x87, 0x01, 0xff, 0xff, 0xf8, 0xe0, 0x78, 0x00, 0x07, 0x1c, 0x0e, 0x00,
        0x00, 0x73, 0x81, 0xc0, 0x00, 0x0e, 0x70, 0x38, 0x00, 0x01, 0xce, 0x07, 0x00, 0x00, 0x39, 0xc0,
        0xe0, 0x00, 0x07, 0x38, 0x1c, 0x00, 0x00, 0xe7, 0x03, 0x80, 0x00, 0x1c, 0x70, 0x70, 0x00, 0x03,
        0x8f, 0x8e, 0x00, 0x00, 0x70, 0xf1, 0xc0, 0x00, 0x0e, 0x0e, 0x38, 0x00, 0x01, 0xc0, 0x07, 0x00,
        0x00, 0x38, 0x00, 0xe0, 0x00, 0x07, 0x00, 0x1c, 0x00, 0x00, 0xe0, 0x03, 0x80, 0x00, 0x1c, 0x00,
        0x70, 0x00, 0x03, 0x00, 0x07, 0x00, 0x00, 0xe0, 0x00, 0xff, 0xff, 0xfc, 0x00, 0x0f, 0xff, 0xff,
        0x00, 0x00, 0x7f, 0xff, 0x00, 0x00, 0x00, 0x00, 0x00, 0x00,
    },
    { // mouse-pointer
        0x00, 0x00, 0x00, 0x00, 0x00, 0x00, 0x00, 0x00, 0x00, 0x00, 0x00, 0x00, 0x00, 0x07, 0x00, 0x00,
        0x00, 0x01, 0xf8, 0x00, 0x00, 0x00, 0x3f, 0xe0, 0x00, 0x00, 0x07, 0xff, 0x00, 0x00, 0x00, 0x73,
        0xfc, 0x00, 0x00, 0x0e, 0x0f, 0xe0, 0x00, 0x00, 0xe0, 0x7f, 0x80, 0x00, 0x1c, 0x01, 0xfc, 0x00,
        0x03, 0x80, 0x0f, 0xf0, 0x00, 0x38, 0x00, 0x7f, 0x80, 0x07, 0x00, 0x01, 0xf8, 0x00, 0x70, 0x00,
        0x0f, 0x80, 0x0e, 0x00, 0x1f, 0xe0, 0x01, 0xe0, 0x1f, 0xf8, 0x00, 0x1c, 0x0f, 0xf8, 0x00, 0x03,
        0x81, 0xf0, 0x00, 0x00, 0x38, 0x7e, 0x00, 0x00, 0x07, 0x0f, 0xe0, 0x00, 0x00, 0xf1, 0xde, 0x00,
        0x00, 0x0e, 0x71, 0xe0, 0x00, 0x01, 0xce, 0x1e, 0x00, 0x00, 0x1d, 0xc1, 0xe0, 0x00, 0x03, 0xb8,
        0x1e, 0x00, 0x00, 0x7e, 0x03, 0xc0, 0x00, 0x07, 0xc0, 0x3c, 0x00, 0x00, 0xf8, 0x01, 0x80, 0x00,
        0x0e, 0x00, 0x00, 0x00, 0x00, 0x80, 0x00, 0x00, 0x00, 0x00, 0x00, 0x00, 0x00, 0x00, 0x00, 0x00,
        0x00, 0x00, 0x00, 0x00, 0x00, 0x00, 0x00, 0x00, 0x00, 0x00,
    },
    { // select-all
        0x00, 0x00, 0x00, 0x00, 0x00, 0x00, 0x00, 0x00, 0x00, 0x00, 0x00, 0x00, 0x00, 0x03, 0xff, 0xff,
        0xfe, 0x00, 0xff, 0xff, 0xff, 0xe0, 0x3f, 0xff, 0xff, 0xfe, 0x07, 0x00, 0x38, 0x01, 0xc0, 0xe0,
        0x07, 0x00, 0x38, 0x1c, 0x00, 0xe0, 0x07, 0x03, 0x80, 0x1c, 0x00, 0xe0, 0x70, 0x03, 0x80, 0x1c,
        0x0e, 0x00, 0x70, 0x03, 0x81, 0xc0, 0x0e, 0x00, 0x70, 0x38, 0x01, 0xc0, 0x0e, 0x07, 0x00, 0x38,
        0x01, 0xc0, 0xe0, 0x07, 0x00, 0x38, 0x1f, 0xff, 0xff, 0xff, 0x03, 0xff, 0xff, 0xff, 0xe0, 0x7f,
        0xff, 0xff, 0xf8, 0x0e, 0x00, 0x70, 0x00, 0x01, 0xc0, 0x0e, 0x00, 0x00, 0x38, 0x01, 0xc0, 0x00,
        0x07, 0x00, 0x38, 0x00, 0x00, 0xe0, 0x07, 0x00, 0x04, 0x1c, 0x00, 0xe0, 0x03, 0x83, 0x80, 0x1c,
        0x00, 0xf0, 0x70, 0x03, 0x84, 0x3c, 0x0e, 0x00, 0x71, 0xcf, 0x01, 0xc0, 0x0e, 0x3f, 0xc0, 0x3f,
        0xff, 0xc3, 0xf0, 0x03, 0xff, 0xf8, 0x3c, 0x00, 0x3f, 0xfe, 0x03, 0x00, 0x00, 0x00, 0x00, 0x00,
        0x00, 0x00, 0x00, 0x00, 0x00, 0x00, 0x00, 0x00, 0x00, 0x00,
    },
    { // paste
        0x00, 0x00, 0x00, 0x00, 0x00, 0x00, 0xff, 0x80, 0x00, 0x00, 0x7f, 0xfc, 0x00, 0x00, 0x1f, 0xff,
        0xc0, 0x00, 0x0f, 0x80, 0x3e, 0x00, 0x07, 0xf0, 0x07, 0xf0, 0x01, 0xfe, 0x00, 0xff, 0x00, 0x39,
        0xff, 0xfc, 0xe0, 0x0e, 0x3f, 0xff, 0x0e, 0x01, 0xc3, 0xff, 0xe1, 0xc0, 0x38, 0x00, 0x00, 0x38,
        0x07, 0x00, 0x00, 0x07, 0x00, 0xe0, 0x00, 0x00, 0xc0, 0x1c, 0x00, 0x01, 0x80, 0x03, 0x80, 0x00,
        0x78, 0x00, 0x70, 0x00, 0x07, 0x80, 0x0e, 0x00, 0x00, 0x78, 0x01, 0xc0, 0x00, 0x07, 0x80, 0x38,
        0x00, 0x00, 0x78, 0x07, 0x00, 0xff, 0xff, 0x80, 0xe0, 0x1f, 0xff, 0xf0, 0x1c, 0x03, 0xff, 0xfe,
        0x03, 0x80, 0x00, 0x07, 0x80, 0x70, 0x00, 0x01, 0xe0, 0x0e, 0x00, 0x00, 0x78, 0x01, 0xc0, 0x00,
        0x1e, 0x00, 0x38, 0x00, 0x07, 0x80, 0x07, 0x00, 0x00, 0x40, 0x00, 0xe0, 0x00, 0x00, 0xc0, 0x1c,
        0x00, 0x00, 0x1c, 0x01, 0xc0, 0x00, 0x07, 0x00, 0x3f, 0xff, 0xff, 0xe0, 0x03, 0xff, 0xff, 0xf8,
        0x00, 0x1f, 0xff, 0xfc, 0x00, 0x00, 0x00, 0x00, 0x00, 0x00,
    },
    { // layers-plus
        0x00, 0x00, 0x00, 0x00, 0x00, 0x00, 0x00, 0x00, 0x00, 0x00, 0x00, 0x00, 0x00, 0x03, 0xff, 0xff,
        0xfe, 0x00, 0xff, 0xff, 0xff, 0xe0, 0x3f, 0xff, 0xff, 0xfe, 0x07, 0x00, 0x38, 0x01, 0xc0, 0xe0,
        0x07, 0x00, 0x38, 0x1c, 0x00, 0xe0, 0x07, 0x03, 0x80, 0x1c, 0x00, 0xe0, 0x70, 0x03, 0x80, 0x1c,
        0x0e, 0x00, 0x70, 0x03, 0x81, 0xc0, 0x0e, 0x00, 0x70, 0x38, 0x01, 0xc0, 0x0e, 0x07, 0x00, 0x38,
        0x01, 0xc0, 0xe0, 0x07, 0x00, 0x38, 0x1f, 0xff, 0xff, 0xff, 0x03, 0xff, 0xff, 0xff, 0xe0, 0x7f,
        0xff, 0xff, 0xf8, 0x0e, 0x00, 0x70, 0x00, 0x01, 0xc0, 0x0e, 0x00, 0x00, 0x38, 0x01, 0xc0, 0x00,
        0x07, 0x00, 0x38, 0x06, 0x00, 0xe0, 0x07, 0x01, 0xc0, 0x1c, 0x00, 0xe0, 0x38, 0x03, 0x80, 0x1c,
        0x07, 0x00, 0x70, 0x03, 0x87, 0xfe, 0x0e, 0x00, 0x71, 0xff, 0xc1, 0xc0, 0x0e, 0x3f, 0xf8, 0x3f,
        0xff, 0xc0, 0x70, 0x03, 0xff, 0xf8, 0x0e, 0x00, 0x3f, 0xfe, 0x01, 0xc0, 0x00, 0x00, 0x00, 0x38,
        0x00, 0x00, 0x00, 0x00, 0x00, 0x00, 0x00, 0x00, 0x00, 0x00,
    },
    { // group
        0x00, 0x00, 0x00, 0x00, 0x00, 0x00, 0x00, 0x00, 0x00, 0x00, 0x00, 0x00, 0x00, 0x03, 0xf0, 0x00,
        0x7e, 0x00, 0xff, 0x00, 0x1f, 0xe0, 0x3f, 0xc0, 0x01, 0xfe, 0x07, 0x00, 0x00, 0x01, 0xc0, 0xe0,
        0x00, 0x00, 0x38, 0x1c, 0x00, 0x00, 0x07, 0x03, 0x87, 0xff, 0x00, 0xe0, 0x71, 0xff, 0xf0, 0x1c,
        0x04, 0x3f, 0xfe, 0x01, 0x00, 0x07, 0x01, 0xc0, 0x00, 0x00, 0xe0, 0x38, 0x00, 0x00, 0x1c, 0x07,
        0x00, 0x00, 0x03, 0x80, 0xe0, 0x00, 0x00, 0x7f, 0xff, 0x80, 0x00, 0x0f, 0xff, 0xf8, 0x00, 0x00,
        0xff, 0xff, 0x00, 0x00, 0x03, 0x80, 0xe0, 0x00, 0x00, 0x70, 0x1c, 0x00, 0x00, 0x0e, 0x03, 0x80,
        0x00, 0x01, 0xc0, 0x70, 0x00, 0x40, 0x3f, 0xfe, 0x10, 0x1c, 0x07, 0xff, 0xc7, 0x03, 0x80, 0x7f,
        0xf0, 0xe0, 0x70, 0x00, 0x00, 0x1c, 0x0e, 0x00, 0x00, 0x03, 0x81, 0xc0, 0x00, 0x00, 0x70, 0x3f,
        0xc0, 0x01, 0xfe, 0x03, 0xfc, 0x00, 0x7f, 0x80, 0x3f, 0x00, 0x07, 0xe0, 0x00, 0x00, 0x00, 0x00,
        0x00, 0x00, 0x00, 0x00, 0x00, 0x00, 0x00, 0x00, 0x00, 0x00,
    },
    { // blend
        0x00, 0x00, 0x00, 0x00, 0x00, 0x00, 0x80, 0x00, 0x00, 0x03, 0xff, 0x00, 0x00, 0x00, 0xff, 0xf8,
        0x00, 0x00, 0x7f, 0x3f, 0x80, 0x00, 0x1f, 0x00, 0xf8, 0x00, 0x03, 0x80, 0x07, 0x80, 0x00, 0xe0,
        0x00, 0x70, 0x00, 0x3c, 0x00, 0x07, 0x00, 0x07, 0x00, 0x00, 0xe0, 0x00, 0xe0, 0x00, 0x7e, 0x00,
        0x1c, 0x00, 0x3f, 0xf0, 0x03, 0x00, 0x1f, 0xff, 0x80, 0xe0, 0x07, 0xc7, 0xf8, 0x0e, 0x01, 0xe0,
        0xe7, 0x81, 0xc0, 0x78, 0x1c, 0x78, 0x38, 0x0e, 0x07, 0x07, 0x07, 0x83, 0x80, 0xe0, 0xf0, 0x70,
        0x70, 0x38, 0x0e, 0x0f, 0x1c, 0x0f, 0x01, 0xc0, 0xf3, 0x83, 0xc0, 0x38, 0x0f, 0xf1, 0xf0, 0x03,
        0x80, 0xff, 0xfc, 0x00, 0x60, 0x07, 0xfe, 0x00, 0x1c, 0x00, 0x3f, 0x00, 0x03, 0x80, 0x03, 0x80,
        0x00, 0x70, 0x00, 0x70, 0x00, 0x1e, 0x00, 0x07, 0x00, 0x03, 0x80, 0x00, 0xf0, 0x00, 0xe0, 0x00,
        0x0f, 0x80, 0x7c, 0x00, 0x00, 0xfe, 0x7f, 0x00, 0x00, 0x0f, 0xff, 0x80, 0x00, 0x00, 0x7f, 0xe0,
        0x00, 0x00, 0x00, 0x80, 0x00, 0x00, 0x00, 0x00, 0x00, 0x00,
    },
    { // eye
        0x00, 0x00, 0x00, 0x00, 0x00, 0x00, 0x00, 0x00, 0x00, 0x00, 0x00, 0x00, 0x00, 0x00, 0x00, 0x00,
        0x00, 0x00, 0x00, 0x00, 0x00, 0x00, 0x00, 0x00, 0x00, 0x00, 0x00, 0x01, 0xff, 0x00, 0x00, 0x01,
        0xff, 0xfc, 0x00, 0x00, 0xff, 0xff, 0xe0, 0x00, 0x3f, 0x00, 0x7e, 0x00, 0x0f, 0x80, 0x03, 0xe0,
        0x03, 0xc0, 0x00, 0x1e, 0x00, 0xf0, 0x3f, 0x81, 0xe0, 0x3c, 0x0f, 0xf8, 0x1e, 0x07, 0x03, 0xff,
        0x81, 0xc1, 0xc0, 0x70, 0x70, 0x1c, 0x38, 0x0e, 0x0e, 0x03, 0x8e, 0x01, 0xc1, 0xc0, 0x38, 0xe0,
        0x38, 0x38, 0x0e, 0x1c, 0x07, 0x07, 0x01, 0xc1, 0xc0, 0xff, 0xe0, 0x70, 0x3c, 0x0f, 0xf8, 0x1e,
        0x03, 0xc0, 0x7c, 0x07, 0x80, 0x3c, 0x00, 0x01, 0xe0, 0x03, 0xe0, 0x00, 0xf8, 0x00, 0x3f, 0x00,
        0x7e, 0x00, 0x03, 0xff, 0xff, 0x80, 0x00, 0x1f, 0xff, 0xc0, 0x00, 0x00, 0x7f, 0xc0, 0x00, 0x00,
        0x00, 0x00, 0x00, 0x00, 0x00, 0x00, 0x00, 0x00, 0x00, 0x00, 0x00, 0x00, 0x00, 0x00, 0x00, 0x00,
        0x00, 0x00, 0x00, 0x00, 0x00, 0x00, 0x00, 0x00, 0x00, 0x00,
    },
    { // component
        0x00, 0x00, 0x00, 0x00, 0x00, 0x00, 0x08, 0x00, 0x00, 0x00, 0x07, 0xc0, 0x00, 0x00, 0x01, 0xfc,
        0x00, 0x00, 0x00, 0x7f, 0xc0, 0x00, 0x00, 0x1e, 0x3c, 0x00, 0x00, 0x07, 0x83, 0x80, 0x00, 0x00,
        0xe0, 0x38, 0x00, 0x00, 0x1e, 0x0f, 0x00, 0x00, 0x01, 0xe3, 0xc0, 0x00, 0x00, 0x1e, 0xf0, 0x00,
        0x01, 0xc1, 0xfc, 0x1c, 0x00, 0x7c, 0x1f, 0x07, 0xc0, 0x1f, 0xc1, 0xc1, 0xfc, 0x07, 0xbc, 0x00,
        0x7b, 0xc1, 0xe3, 0xc0, 0x1e, 0x3c, 0x38, 0x3c, 0x07, 0x83, 0x8f, 0x03, 0x80, 0xe0, 0x78, 0xe0,
        0xf0, 0x1e, 0x0e, 0x1e, 0x3c, 0x01, 0xe3, 0xc1, 0xef, 0x00, 0x1e, 0xf0, 0x1f, 0xc1, 0xc1, 0xfc,
        0x01, 0xf0, 0x7c, 0x1f, 0x00, 0x0c, 0x1f, 0xc1, 0x80, 0x00, 0x07, 0xbc, 0x00, 0x00, 0x01, 0xe3,
        0xc0, 0x00, 0x00, 0x78, 0x3c, 0x00, 0x00, 0x0e, 0x03, 0x80, 0x00, 0x01, 0xe0, 0xe0, 0x00, 0x00,
        0x1e, 0x3c, 0x00, 0x00, 0x01, 0xff, 0x00, 0x00, 0x00, 0x1f, 0xc0, 0x00, 0x00, 0x01, 0xf0, 0x00,
        0x00, 0x00, 0x08, 0x00, 0x00, 0x00, 0x00, 0x00, 0x00, 0x00,
    },
    { // list-restart
        0x00, 0x00, 0x00, 0x00, 0x00, 0x00, 0x00, 0x00, 0x00, 0x00, 0x00, 0x00, 0x00, 0x00, 0x00, 0x00,
        0x00, 0x00, 0x00, 0x00, 0x00, 0x00, 0x00, 0x00, 0x00, 0x00, 0x00, 0x00, 0x00, 0x00, 0x00, 0x7f,
        0xff, 0xff, 0xf0, 0x1f, 0xff, 0xff, 0xff, 0x03, 0xff, 0xff, 0xff, 0xe0, 0x00, 0x00, 0x00, 0x00,
        0x00, 0x00, 0x00, 0x00, 0x00, 0x00, 0x00, 0x00, 0x00, 0x00, 0x03, 0x00, 0x00, 0x00, 0x00, 0x61,
        0xf8, 0x00, 0x00, 0x0e, 0xff, 0xc0, 0x1f, 0xe1, 0xff, 0xfc, 0x03, 0xfe, 0x3f, 0x03, 0xc0, 0x7f,
        0x87, 0xc0, 0x38, 0x00, 0x00, 0xff, 0x03, 0x80, 0x00, 0x3f, 0xe0, 0x70, 0x00, 0x03, 0xfc, 0x0e,
        0x00, 0x00, 0x00, 0x01, 0xc0, 0x00, 0x00, 0x00, 0x38, 0x00, 0x00, 0x00, 0x07, 0x03, 0xfc, 0x1c,
        0x01, 0xc0, 0x7f, 0xc3, 0xc0, 0x78, 0x07, 0xf0, 0x3e, 0x3e, 0x00, 0x00, 0x03, 0xff, 0x80, 0x00,
        0x00, 0x3f, 0xe0, 0x00, 0x00, 0x00, 0xe0, 0x00, 0x00, 0x00, 0x00, 0x00, 0x00, 0x00, 0x00, 0x00,
        0x00, 0x00, 0x00, 0x00, 0x00, 0x00, 0x00, 0x00, 0x00, 0x00,
    },
    { // layers
        0x00, 0x00, 0x00, 0x00, 0x00, 0x00, 0x08, 0x00, 0x00, 0x00, 0x0f, 0xe0, 0x00, 0x00, 0x07, 0xff,
        0x00, 0x00, 0x03, 0xfb, 0xf8, 0x00, 0x01, 0xfc, 0x1f, 0xc0, 0x00, 0xfe, 0x00, 0x7f, 0x00, 0xfe,
        0x00, 0x03, 0xf8, 0x3f, 0x00, 0x00, 0x1f, 0x87, 0x80, 0x00, 0x00, 0xf1, 0xe0, 0x00, 0x00, 0x0f,
        0x1f, 0x00, 0x00, 0x07, 0xc1, 0xf8, 0x00, 0x03, 0xf0, 0x0f, 0xe0, 0x01, 0xfc, 0x00, 0x7f, 0x01,
        0xfc, 0x00, 0x03, 0xf8, 0xfe, 0x00, 0x30, 0x1f, 0xff, 0x01, 0x8e, 0x00, 0xff, 0x80, 0x38, 0xf8,
        0x03, 0x80, 0x3e, 0x1f, 0xc0, 0x00, 0x1f, 0xc0, 0xfe, 0x00, 0x0f, 0xe0, 0x07, 0xf0, 0x07, 0xf0,
        0x00, 0x3f, 0x83, 0xf8, 0x01, 0x00, 0xff, 0xf8, 0x04, 0x30, 0x07, 0xfc, 0x01, 0x87, 0x80, 0x3e,
        0x00, 0xf0, 0xfc, 0x00, 0x00, 0x7e, 0x0f, 0xe0, 0x00, 0x3f, 0x80, 0x3f, 0x80, 0x1f, 0xc0, 0x01,
        0xfc, 0x1f, 0xc0, 0x00, 0x0f, 0xef, 0xe0, 0x00, 0x00, 0x7f, 0xf0, 0x00, 0x00, 0x03, 0xf8, 0x00,
        0x00, 0x00, 0x08, 0x00, 0x00, 0x00, 0x00, 0x00, 0x00, 0x00,
    },
    { // scissors
        0x00, 0x00, 0x00, 0x00, 0x00, 0x00, 0x00, 0x00, 0x00, 0x00, 0x00, 0x00, 0x00, 0x01, 0xf0, 0x00,
        0x00, 0x00, 0x7f, 0x80, 0x00, 0x40, 0x1f, 0xf8, 0x00, 0x3c, 0x07, 0x87, 0x00, 0x0f, 0x00, 0xe0,
        0xe0, 0x01, 0xe0, 0x1c, 0x0e, 0x00, 0x78, 0x03, 0x81, 0xc0, 0x1e, 0x00, 0x70, 0x70, 0x07, 0x80,
        0x07, 0x9e, 0x01, 0xe0, 0x00, 0xff, 0xe0, 0x78, 0x00, 0x0f, 0xfe, 0x1e, 0x00, 0x00, 0x21, 0xe7,
        0x80, 0x00, 0x00, 0x1f, 0xe0, 0x00, 0x00, 0x03, 0xf8, 0x00, 0x00, 0x00, 0x3e, 0x00, 0x00, 0x00,
        0x07, 0x80, 0x00, 0x00, 0x01, 0xe0, 0x00, 0x00, 0x08, 0x78, 0x40, 0x00, 0x0f, 0xfe, 0x1e, 0x00,
        0x03, 0xff, 0x81, 0xe0, 0x00, 0x79, 0xe0, 0x1e, 0x00, 0x1c, 0x1c, 0x01, 0xe0, 0x03, 0x81, 0xc0,
        0x1e, 0x00, 0x70, 0x38, 0x01, 0xe0, 0x0e, 0x0e, 0x00, 0x1e, 0x01, 0xe1, 0xc0, 0x03, 0xc0, 0x1f,
        0xf8, 0x00, 0x3c, 0x01, 0xfe, 0x00, 0x01, 0x00, 0x1f, 0x00, 0x00, 0x00, 0x00, 0x00, 0x00, 0x00,
        0x00, 0x00, 0x00, 0x00, 0x00, 0x00, 0x00, 0x00, 0x00, 0x00,
    },
    { // corner-up-left
        0x00, 0x00, 0x00, 0x00, 0x00, 0x00, 0x00, 0x00, 0x00, 0x00, 0x00, 0x00, 0x00, 0x00, 0x00, 0x00,
        0x00, 0x00, 0x00, 0x40, 0x00, 0x00, 0x00, 0x38, 0x00, 0x00, 0x00, 0x0f, 0x00, 0x00, 0x00, 0x03,
        0xc0, 0x00, 0x00, 0x00, 0xf0, 0x00, 0x00, 0x00, 0x3c, 0x00, 0x00, 0x00, 0x0f, 0x00, 0x00, 0x00,
        0x03, 0xe0, 0x00, 0x00, 0x00, 0xff, 0xff, 0xfe, 0x00, 0x1f, 0xff, 0xff, 0xe0, 0x01, 0xff, 0xff,
        0xfe, 0x00, 0x1e, 0x00, 0x01, 0xe0, 0x01, 0xe0, 0x00, 0x1c, 0x00, 0x1e, 0x00, 0x03, 0x80, 0x01,
        0xe0, 0x00, 0x38, 0x00, 0x1e, 0x00, 0x07, 0x00, 0x01, 0xe0, 0x00, 0xe0, 0x00, 0x18, 0x00, 0x1c,
        0x00, 0x00, 0x00, 0x03, 0x80, 0x00, 0x00, 0x00, 0x70, 0x00, 0x00, 0x00, 0x0e, 0x00, 0x00, 0x00,
        0x01, 0xc0, 0x00, 0x00, 0x00, 0x38, 0x00, 0x00, 0x00, 0x07, 0x00, 0x00, 0x00, 0x00, 0xe0, 0x00,
        0x00, 0x00, 0x1c, 0x00, 0x00, 0x00, 0x01, 0x00, 0x00, 0x00, 0x00, 0x00, 0x00, 0x00, 0x00, 0x00,
        0x00, 0x00, 0x00, 0x00, 0x00, 0x00, 0x00, 0x00, 0x00, 0x00,
    },
    { // corner-up-right
        0x00, 0x00, 0x00, 0x00, 0x00, 0x00, 0x00, 0x00, 0x00, 0x00, 0x00, 0x00, 0x00, 0x00, 0x00, 0x00,
        0x00, 0x00, 0x00, 0x00, 0x40, 0x00, 0x00, 0x00, 0x0e, 0x00, 0x00, 0x00, 0x01, 0xe0, 0x00, 0x00,
        0x00, 0x1e, 0x00, 0x00, 0x00, 0x01, 0xe0, 0x00, 0x00, 0x00, 0x1e, 0x00, 0x00, 0x00, 0x01, 0xe0,
        0x00, 0x00, 0x00, 0x3e, 0x00, 0x0f, 0xff, 0xff, 0xe0, 0x03, 0xff, 0xff, 0xfc, 0x00, 0xff, 0xff,
        0xff, 0x00, 0x3c, 0x00, 0x03, 0xc0, 0x07, 0x00, 0x00, 0xf0, 0x00, 0xe0, 0x00, 0x3c, 0x00, 0x38,
        0x00, 0x0f, 0x00, 0x07, 0x00, 0x03, 0xc0, 0x00, 0xe0, 0x00, 0xf0, 0x00, 0x1c, 0x00, 0x0c, 0x00,
        0x03, 0x80, 0x00, 0x00, 0x00, 0x70, 0x00, 0x00, 0x00, 0x0e, 0x00, 0x00, 0x00, 0x01, 0xc0, 0x00,
        0x00, 0x00, 0x38, 0x00, 0x00, 0x00, 0x07, 0x00, 0x00, 0x00, 0x00, 0xe0, 0x00, 0x00, 0x00, 0x1c,
        0x00, 0x00, 0x00, 0x01, 0x00, 0x00, 0x00, 0x00, 0x00, 0x00, 0x00, 0x00, 0x00, 0x00, 0x00, 0x00,
        0x00, 0x00, 0x00, 0x00, 0x00, 0x00, 0x00, 0x00, 0x00, 0x00,
    },
    { // move-horizontal
        0x00, 0x00, 0x00, 0x00, 0x00, 0x00, 0x00, 0x00, 0x00, 0x00, 0x00, 0x00, 0x00, 0x00, 0x00, 0x00,
        0x00, 0x00, 0x00, 0x00, 0x00, 0x00, 0x00, 0x00, 0x00, 0x00, 0x00, 0x00, 0x00, 0x00, 0x00, 0x00,
        0x00, 0x00, 0x00, 0x00, 0x00, 0x00, 0x00, 0x00, 0x00, 0x00, 0x00, 0x00, 0x02, 0x00, 0x00, 0x80,
        0x00, 0xe0, 0x00, 0x38, 0x00, 0x3c, 0x00, 0x07, 0x80, 0x0f, 0x00, 0x00, 0x78, 0x03, 0xc0, 0x00,
        0x07, 0x80, 0xf0, 0x00, 0x00, 0x78, 0x3f, 0xff, 0xff, 0xff, 0x8f, 0xff, 0xff, 0xff, 0xf8, 0xff,
        0xff, 0xff, 0xfe, 0x0f, 0x00, 0x00, 0x07, 0x80, 0xf0, 0x00, 0x01, 0xe0, 0x0f, 0x00, 0x00, 0x78,
        0x00, 0xf0, 0x00, 0x1e, 0x00, 0x0e, 0x00, 0x03, 0x80, 0x00, 0x80, 0x00, 0x20, 0x00, 0x00, 0x00,
        0x00, 0x00, 0x00, 0x00, 0x00, 0x00, 0x00, 0x00, 0x00, 0x00, 0x00, 0x00, 0x00, 0x00, 0x00, 0x00,
        0x00, 0x00, 0x00, 0x00, 0x00, 0x00, 0x00, 0x00, 0x00, 0x00, 0x00, 0x00, 0x00, 0x00, 0x00, 0x00,
        0x00, 0x00, 0x00, 0x00, 0x00, 0x00, 0x00, 0x00, 0x00, 0x00,
    },
    { // move-vertical
        0x00, 0x00, 0x00, 0x00, 0x00, 0x00, 0x08, 0x00, 0x00, 0x00, 0x03, 0x80, 0x00, 0x00, 0x00, 0xf8,
        0x00, 0x00, 0x00, 0x3f, 0x80, 0x00, 0x00, 0x0f, 0xf8, 0x00, 0x00, 0x03, 0xff, 0x80, 0x00, 0x00,
        0xf7, 0x78, 0x00, 0x00, 0x3c, 0xe7, 0x80, 0x00, 0x03, 0x1c, 0x60, 0x00, 0x00, 0x03, 0x80, 0x00,
        0x00, 0x00, 0x70, 0x00, 0x00, 0x00, 0x0e, 0x00, 0x00, 0x00, 0x01, 0xc0, 0x00, 0x00, 0x00, 0x38,
        0x00, 0x00, 0x00, 0x07, 0x00, 0x00, 0x00, 0x00, 0xe0, 0x00, 0x00, 0x00, 0x1c, 0x00, 0x00, 0x00,
        0x03, 0x80, 0x00, 0x00, 0x00, 0x70, 0x00, 0x00, 0x00, 0x0e, 0x00, 0x00, 0x00, 0x01, 0xc0, 0x00,
        0x00, 0x00, 0x38, 0x00, 0x00, 0x00, 0x07, 0x00, 0x00, 0x00, 0x00, 0xe0, 0x00, 0x00, 0x03, 0x1c,
        0x60, 0x00, 0x00, 0xf3, 0x9e, 0x00, 0x00, 0x0f, 0x77, 0x80, 0x00, 0x00, 0xff, 0xe0, 0x00, 0x00,
        0x0f, 0xf8, 0x00, 0x00, 0x00, 0xfe, 0x00, 0x00, 0x00, 0x0f, 0x80, 0x00, 0x00, 0x00, 0xe0, 0x00,
        0x00, 0x00, 0x08, 0x00, 0x00, 0x00, 0x00, 0x00, 0x00, 0x00,
    },
    { // hand
        0x00, 0x00, 0x00, 0x00, 0x00, 0x00, 0x08, 0x00, 0x00, 0x00, 0x07, 0xc0, 0x00, 0x00, 0x01, 0xfc,
        0x00, 0x00, 0x01, 0xfb, 0xf0, 0x00, 0x00, 0xfe, 0x3f, 0x80, 0x00, 0x3f, 0xc7, 0xf8, 0x00, 0x0f,
        0x78, 0xf7, 0xe0, 0x01, 0xc7, 0x1c, 0x7f, 0x00, 0x38, 0xe3, 0x8f, 0xf0, 0x07, 0x1c, 0x71, 0xce,
        0x00, 0xe3, 0x8e, 0x38, 0xe0, 0x1c, 0x71, 0xc7, 0x1c, 0x03, 0x8e, 0x38, 0xe3, 0x80, 0x71, 0xc7,
        0x1c, 0x70, 0x0e, 0x38, 0xc3, 0x8e, 0x01, 0xc2, 0x00, 0x71, 0xc1, 0xf8, 0x00, 0x00, 0x38, 0x7f,
        0x00, 0x00, 0x07, 0x1f, 0xe0, 0x00, 0x00, 0xe7, 0x9e, 0x00, 0x00, 0x1c, 0xe1, 0xe0, 0x00, 0x03,
        0x1e, 0x18, 0x00, 0x00, 0xe1, 0xe0, 0x00, 0x00, 0x1c, 0x1e, 0x00, 0x00, 0x03, 0x81, 0xe0, 0x00,
        0x00, 0xe0, 0x1e, 0x00, 0x00, 0x1c, 0x01, 0xe0, 0x00, 0x07, 0x00, 0x1e, 0x00, 0x01, 0xe0, 0x01,
        0xe0, 0x00, 0xf8, 0x00, 0x1f, 0xc0, 0xfe, 0x00, 0x01, 0xff, 0xff, 0x00, 0x00, 0x0f, 0xff, 0x80,
        0x00, 0x00, 0x1f, 0x00, 0x00, 0x00, 0x00, 0x00, 0x00, 0x00,
    },
    { // play
        0x00, 0x00, 0x00, 0x00, 0x00, 0x00, 0x00, 0x00, 0x00, 0x00, 0x00, 0x00, 0x00, 0x00, 0x60, 0x00,
        0x00, 0x00, 0x1f, 0x00, 0x00, 0x00, 0x03, 0xf0, 0x00, 0x00, 0x00, 0x7f, 0x80, 0x00, 0x00, 0x0e,
        0xf8, 0x00, 0x00, 0x01, 0xc7, 0xc0, 0x00, 0x00, 0x38, 0x7c, 0x00, 0x00, 0x07, 0x03, 0xe0, 0x00,
        0x00, 0xe0, 0x3e, 0x00, 0x00, 0x1c, 0x01, 0xf0, 0x00, 0x03, 0x80, 0x1f, 0x80, 0x00, 0x70, 0x00,
        0xf8, 0x00, 0x0e, 0x00, 0x0f, 0xc0, 0x01, 0xc0, 0x00, 0x7c, 0x00, 0x38, 0x00, 0x07, 0xc0, 0x07,
        0x00, 0x01, 0xf0, 0x00, 0xe0, 0x00, 0xfc, 0x00, 0x1c, 0x00, 0x3e, 0x00, 0x03, 0x80, 0x1f, 0x80,
        0x00, 0x70, 0x07, 0xc0, 0x00, 0x0e, 0x03, 0xe0, 0x00, 0x01, 0xc0, 0xf8, 0x00, 0x00, 0x38, 0x7c,
        0x00, 0x00, 0x07, 0x1f, 0x00, 0x00, 0x00, 0xef, 0x80, 0x00, 0x00, 0x1f, 0xe0, 0x00, 0x00, 0x03,
        0xf0, 0x00, 0x00, 0x00, 0x7c, 0x00, 0x00, 0x00, 0x06, 0x00, 0x00, 0x00, 0x00, 0x00, 0x00, 0x00,
        0x00, 0x00, 0x00, 0x00, 0x00, 0x00, 0x00, 0x00, 0x00, 0x00,
    },
    { // step-back
        0x00, 0x00, 0x00, 0x00, 0x00, 0x00, 0x00, 0x00, 0x00, 0x00, 0x00, 0x00, 0x00, 0x00, 0x00, 0x00,
        0x00, 0x00, 0x00, 0x00, 0x82, 0x00, 0x00, 0x00, 0x38, 0xe0, 0x00, 0x00, 0x1f, 0x1c, 0x00, 0x00,
        0x07, 0xe3, 0x80, 0x00, 0x01, 0xfc, 0x70, 0x00, 0x00, 0x7b, 0x8e, 0x00, 0x00, 0x3e, 0x71, 0xc0,
        0x00, 0x0f, 0x8e, 0x38, 0x00, 0x03, 0xc1, 0xc7, 0x00, 0x00, 0xf0, 0x38, 0xe0, 0x00, 0x7c, 0x07,
        0x1c, 0x00, 0x1f, 0x00, 0xe3, 0x80, 0x07, 0x80, 0x1c, 0x70, 0x01, 0xe0, 0x03, 0x8e, 0x00, 0x1e,
        0x00, 0x71, 0xc0, 0x01, 0xf0, 0x0e, 0x38, 0x00, 0x1f, 0x01, 0xc7, 0x00, 0x00, 0xf0, 0x38, 0xe0,
        0x00, 0x0f, 0x07, 0x1c, 0x00, 0x00, 0xf8, 0xe3, 0x80, 0x00, 0x0f, 0x9c, 0x70, 0x00, 0x00, 0x7b,
        0x8e, 0x00, 0x00, 0x07, 0xf1, 0xc0, 0x00, 0x00, 0x7e, 0x38, 0x00, 0x00, 0x07, 0xc7, 0x00, 0x00,
        0x00, 0x38, 0xe0, 0x00, 0x00, 0x02, 0x08, 0x00, 0x00, 0x00, 0x00, 0x00, 0x00, 0x00, 0x00, 0x00,
        0x00, 0x00, 0x00, 0x00, 0x00, 0x00, 0x00, 0x00, 0x00, 0x00,
    },
    { // step-forward
        0x00, 0x00, 0x00, 0x00, 0x00, 0x00, 0x00, 0x00, 0x00, 0x00, 0x00, 0x00, 0x00, 0x00, 0x00, 0x00,
        0x00, 0x00, 0x08, 0x20, 0x00, 0x00, 0x03, 0x8e, 0x00, 0x00, 0x00, 0x71, 0xf0, 0x00, 0x00, 0x0e,
        0x3f, 0x00, 0x00, 0x01, 0xc7, 0xf0, 0x00, 0x00, 0x38, 0xef, 0x00, 0x00, 0x07, 0x1c, 0xf8, 0x00,
        0x00, 0xe3, 0x8f, 0x80, 0x00, 0x1c, 0x70, 0x78, 0x00, 0x03, 0x8e, 0x07, 0x80, 0x00, 0x71, 0xc0,
        0x7c, 0x00, 0x0e, 0x38, 0x07, 0xc0, 0x01, 0xc7, 0x00, 0x3c, 0x00, 0x38, 0xe0, 0x03, 0xc0, 0x07,
        0x1c, 0x00, 0xf0, 0x00, 0xe3, 0x80, 0x7c, 0x00, 0x1c, 0x70, 0x1f, 0x00, 0x03, 0x8e, 0x07, 0x80,
        0x00, 0x71, 0xc1, 0xe0, 0x00, 0x0e, 0x38, 0xf8, 0x00, 0x01, 0xc7, 0x3e, 0x00, 0x00, 0x38, 0xef,
        0x00, 0x00, 0x07, 0x1f, 0xc0, 0x00, 0x00, 0xe3, 0xf0, 0x00, 0x00, 0x1c, 0x7c, 0x00, 0x00, 0x03,
        0x8e, 0x00, 0x00, 0x00, 0x20, 0x80, 0x00, 0x00, 0x00, 0x00, 0x00, 0x00, 0x00, 0x00, 0x00, 0x00,
        0x00, 0x00, 0x00, 0x00, 0x00, 0x00, 0x00, 0x00, 0x00, 0x00,
    },
    { // flag
        0x00, 0x00, 0x00, 0x00, 0x00, 0x02, 0x00, 0x00, 0x00, 0x0f, 0xfe, 0x00, 0x00, 0x03, 0xff, 0xf0,
        0x06, 0x00, 0xfc, 0x7f, 0xff, 0xe0, 0x1c, 0x01, 0xff, 0xfc, 0x03, 0x80, 0x07, 0xff, 0x80, 0x70,
        0x00, 0x00, 0x70, 0x0e, 0x00, 0x00, 0x0e, 0x01, 0xc0, 0x00, 0x01, 0xc0, 0x38, 0x00, 0x00, 0x38,
        0x07, 0x00, 0x00, 0x07, 0x00, 0xe0, 0x00, 0x00, 0xe0, 0x1c, 0x00, 0x00, 0x1c, 0x03, 0x80, 0x00,
        0x03, 0x80, 0x70, 0x00, 0x00, 0x70, 0x0e, 0x00, 0x00, 0x0e, 0x01, 0xc0, 0x00, 0x01, 0xc0, 0x38,
        0x00, 0x00, 0x38, 0x07, 0xff, 0x00, 0x07, 0x00, 0xff, 0xfc, 0x00, 0xe0, 0x1f, 0xff, 0xf0, 0x7c,
        0x03, 0xc0, 0x7f, 0xff, 0x00, 0x70, 0x01, 0xff, 0xc0, 0x0e, 0x00, 0x07, 0xc0, 0x01, 0xc0, 0x00,
        0x00, 0x00, 0x38, 0x00, 0x00, 0x00, 0x07, 0x00, 0x00, 0x00, 0x00, 0xe0, 0x00, 0x00, 0x00, 0x1c,
        0x00, 0x00, 0x00, 0x03, 0x80, 0x00, 0x00, 0x00, 0x70, 0x00, 0x00, 0x00, 0x06, 0x00, 0x00, 0x00,
        0x00, 0x00, 0x00, 0x00, 0x00, 0x00, 0x00, 0x00, 0x00, 0x00,
    },
    { // flag-triangle-right
        0x00, 0x00, 0x00, 0x00, 0x00, 0x00, 0x00, 0x00, 0x00, 0x01, 0xe0, 0x00, 0x00, 0x00, 0x3f, 0x00,
        0x00, 0x00, 0x07, 0xf8, 0x00, 0x00, 0x00, 0xff, 0xc0, 0x00, 0x00, 0x1c, 0xfe, 0x00, 0x00, 0x03,
        0x87, 0xf0, 0x00, 0x00, 0x70, 0x3f, 0x80, 0x00, 0x0e, 0x01, 0xf8, 0x00, 0x01, 0xc0, 0x1f, 0x00,
        0x00, 0x38, 0x0f, 0xc0, 0x00, 0x07, 0x07, 0xe0, 0x00, 0x00, 0xe3, 0xf0, 0x00, 0x00, 0x1d, 0xf8,
        0x00, 0x00, 0x03, 0xfc, 0x00, 0x00, 0x00, 0x7e, 0x00, 0x00, 0x00, 0x0f, 0x00, 0x00, 0x00, 0x01,
        0xc0, 0x00, 0x00, 0x00, 0x38, 0x00, 0x00, 0x00, 0x07, 0x00, 0x00, 0x00, 0x00, 0xe0, 0x00, 0x00,
        0x00, 0x1c, 0x00, 0x00, 0x00, 0x03, 0x80, 0x00, 0x00, 0x00, 0x70, 0x00, 0x00, 0x00, 0x0e, 0x00,
        0x00, 0x00, 0x01, 0xc0, 0x00, 0x00, 0x00, 0x38, 0x00, 0x00, 0x00, 0x07, 0x00, 0x00, 0x00, 0x00,
        0xe0, 0x00, 0x00, 0x00, 0x1c, 0x00, 0x00, 0x00, 0x03, 0x80, 0x00, 0x00, 0x00, 0x70, 0x00, 0x00,
        0x00, 0x00, 0x00, 0x00, 0x00, 0x00, 0x00, 0x00, 0x00, 0x00,
    },
    { // pause
        0x00, 0x00, 0x00, 0x00, 0x00, 0x00, 0x00, 0x00, 0x00, 0x00, 0x00, 0x00, 0x00, 0x00, 0x00, 0x00,
        0x00, 0x00, 0x03, 0xc0, 0x78, 0x00, 0x01, 0xfc, 0x1f, 0xc0, 0x00, 0x7f, 0xc7, 0xfc, 0x00, 0x0e,
        0x38, 0xe3, 0x80, 0x01, 0xc7, 0x1c, 0x70, 0x00, 0x38, 0xe3, 0x8e, 0x00, 0x07, 0x1c, 0x71, 0xc0,
        0x00, 0xe3, 0x8e, 0x38, 0x00, 0x1c, 0x71, 0xc7, 0x00, 0x03, 0x8e, 0x38, 0xe0, 0x00, 0x71, 0xc7,
        0x1c, 0x00, 0x0e, 0x38, 0xe3, 0x80, 0x01, 0xc7, 0x1c, 0x70, 0x00, 0x38, 0xe3, 0x8e, 0x00, 0x07,
        0x1c, 0x71, 0xc0, 0x00, 0xe3, 0x8e, 0x38, 0x00, 0x1c, 0x71, 0xc7, 0x00, 0x03, 0x8e, 0x38, 0xe0,
        0x00, 0x71, 0xc7, 0x1c, 0x00, 0x0e, 0x38, 0xe3, 0x80, 0x01, 0xc7, 0x1c, 0x70, 0x00, 0x38, 0xe3,
        0x8e, 0x00, 0x07, 0x1c, 0x71, 0xc0, 0x00, 0xe3, 0x8e, 0x38, 0x00, 0x1f, 0xf1, 0xff, 0x00, 0x01,
        0xfc, 0x1f, 0xc0, 0x00, 0x0f, 0x01, 0xe0, 0x00, 0x00, 0x00, 0x00, 0x00, 0x00, 0x00, 0x00, 0x00,
        0x00, 0x00, 0x00, 0x00, 0x00, 0x00, 0x00, 0x00, 0x00, 0x00,
    },
    { // skip-back
        0x00, 0x00, 0x00, 0x00, 0x00, 0x00, 0x00, 0x00, 0x00, 0x00, 0x00, 0x00, 0x00, 0x00, 0x00, 0x00,
        0x00, 0x00, 0x00, 0x00, 0x01, 0x00, 0x00, 0x00, 0x00, 0x70, 0x00, 0xc0, 0x00, 0x1e, 0x00, 0x1c,
        0x00, 0x0f, 0xc0, 0x03, 0x80, 0x03, 0xf8, 0x00, 0x70, 0x00, 0xf7, 0x00, 0x0e, 0x00, 0x3c, 0xe0,
        0x01, 0xc0, 0x1f, 0x1c, 0x00, 0x38, 0x07, 0xc3, 0x80, 0x07, 0x01, 0xe0, 0x70, 0x00, 0xe0, 0x78,
        0x0e, 0x00, 0x1c, 0x3e, 0x01, 0xc0, 0x03, 0x8f, 0x80, 0x38, 0x00, 0x71, 0xe0, 0x07, 0x00, 0x0e,
        0x3e, 0x00, 0xe0, 0x01, 0xc3, 0xe0, 0x1c, 0x00, 0x38, 0x1e, 0x03, 0x80, 0x07, 0x01, 0xe0, 0x70,
        0x00, 0xe0, 0x1f, 0x0e, 0x00, 0x1c, 0x01, 0xf1, 0xc0, 0x03, 0x80, 0x0f, 0x38, 0x00, 0x70, 0x00,
        0xf7, 0x00, 0x0e, 0x00, 0x0f, 0xe0, 0x01, 0xc0, 0x00, 0xfc, 0x00, 0x30, 0x00, 0x07, 0x80, 0x00,
        0x00, 0x00, 0x70, 0x00, 0x00, 0x00, 0x04, 0x00, 0x00, 0x00, 0x00, 0x00, 0x00, 0x00, 0x00, 0x00,
        0x00, 0x00, 0x00, 0x00, 0x00, 0x00, 0x00, 0x00, 0x00, 0x00,
    },
    { // skip-forward
        0x00, 0x00, 0x00, 0x00, 0x00, 0x00, 0x00, 0x00, 0x00, 0x00, 0x00, 0x00, 0x00, 0x00, 0x00, 0x00,
        0x00, 0x00, 0x10, 0x00, 0x00, 0x00, 0x07, 0x00, 0x00, 0x00, 0x00, 0xf0, 0x00, 0x06, 0x00, 0x1f,
        0x80, 0x01, 0xc0, 0x03, 0xf8, 0x00, 0x38, 0x00, 0x77, 0x80, 0x07, 0x00, 0x0e, 0x78, 0x00, 0xe0,
        0x01, 0xc7, 0xc0, 0x1c, 0x00, 0x38, 0x7c, 0x03, 0x80, 0x07, 0x03, 0xc0, 0x70, 0x00, 0xe0, 0x3c,
        0x0e, 0x00, 0x1c, 0x03, 0xe1, 0xc0, 0x03, 0x80, 0x3e, 0x38, 0x00, 0x70, 0x03, 0xc7, 0x00, 0x0e,
        0x00, 0xf8, 0xe0, 0x01, 0xc0, 0x3e, 0x1c, 0x00, 0x38, 0x0f, 0x03, 0x80, 0x07, 0x03, 0xc0, 0x70,
        0x00, 0xe1, 0xf0, 0x0e, 0x00, 0x1c, 0x7c, 0x01, 0xc0, 0x03, 0x9e, 0x00, 0x38, 0x00, 0x77, 0x80,
        0x07, 0x00, 0x0f, 0xe0, 0x00, 0xe0, 0x01, 0xf8, 0x00, 0x1c, 0x00, 0x3c, 0x00, 0x01, 0x80, 0x07,
        0x00, 0x00, 0x00, 0x00, 0x40, 0x00, 0x00, 0x00, 0x00, 0x00, 0x00, 0x00, 0x00, 0x00, 0x00, 0x00,
        0x00, 0x00, 0x00, 0x00, 0x00, 0x00, 0x00, 0x00, 0x00, 0x00,
    },
    { // frame
        0x00, 0x00, 0x00, 0x00, 0x00, 0x00, 0x00, 0x00, 0x00, 0x07, 0x00, 0x01, 0xc0, 0x00, 0xe0, 0x00,
        0x38, 0x00, 0x1c, 0x00, 0x07, 0x00, 0x03, 0x80, 0x00, 0xe0, 0x00, 0x70, 0x00, 0x1c, 0x01, 0xff,
        0xff, 0xff, 0xfc, 0x3f, 0xff, 0xff, 0xff, 0x87, 0xff, 0xff, 0xff, 0xf0, 0x07, 0x00, 0x01, 0xc0,
        0x00, 0xe0, 0x00, 0x38, 0x00, 0x1c, 0x00, 0x07, 0x00, 0x03, 0x80, 0x00, 0xe0, 0x00, 0x70, 0x00,
        0x1c, 0x00, 0x0e, 0x00, 0x03, 0x80, 0x01, 0xc0, 0x00, 0x70, 0x00, 0x38, 0x00, 0x0e, 0x00, 0x07,
        0x00, 0x01, 0xc0, 0x00, 0xe0, 0x00, 0x38, 0x00, 0x1c, 0x00, 0x07, 0x00, 0x03, 0x80, 0x00, 0xe0,
        0x00, 0x70, 0x00, 0x1c, 0x00, 0x0e, 0x00, 0x03, 0x80, 0x01, 0xc0, 0x00, 0x70, 0x07, 0xff, 0xff,
        0xff, 0xf0, 0xff, 0xff, 0xff, 0xfe, 0x1f, 0xff, 0xff, 0xff, 0xc0, 0x1c, 0x00, 0x07, 0x00, 0x03,
        0x80, 0x00, 0xe0, 0x00, 0x70, 0x00, 0x1c, 0x00, 0x0e, 0x00, 0x03, 0x80, 0x01, 0xc0, 0x00, 0x70,
        0x00, 0x00, 0x00, 0x00, 0x00, 0x00, 0x00, 0x00, 0x00, 0x00,
    },
    { // rectangle-horizontal
        0x00, 0x00, 0x00, 0x00, 0x00, 0x00, 0x00, 0x00, 0x00, 0x00, 0x00, 0x00, 0x00, 0x00, 0x00, 0x00,
        0x00, 0x00, 0x00, 0x00, 0x00, 0x00, 0x00, 0x00, 0x00, 0x00, 0x00, 0x00, 0x00, 0x00, 0x00, 0x3f,
        0xff, 0xff, 0xe0, 0x1f, 0xff, 0xff, 0xff, 0x07, 0xff, 0xff, 0xff, 0xf0, 0xe0, 0x00, 0x00, 0x0e,
        0x18, 0x00, 0x00, 0x00, 0xc7, 0x00, 0x00, 0x00, 0x1c, 0xe0, 0x00, 0x00, 0x03, 0x9c, 0x00, 0x00,
        0x00, 0x73, 0x80, 0x00, 0x00, 0x0e, 0x70, 0x00, 0x00, 0x01, 0xce, 0x00, 0x00, 0x00, 0x39, 0xc0,
        0x00, 0x00, 0x07, 0x38, 0x00, 0x00, 0x00, 0xe7, 0x00, 0x00, 0x00, 0x1c, 0xe0, 0x00, 0x00, 0x03,
        0x9c, 0x00, 0x00, 0x00, 0x71, 0x80, 0x00, 0x00, 0x0c, 0x38, 0x00, 0x00, 0x03, 0x87, 0xff, 0xff,
        0xff, 0xf0, 0x7f, 0xff, 0xff, 0xfc, 0x03, 0xff, 0xff, 0xfe, 0x00, 0x00, 0x00, 0x00, 0x00, 0x00,
        0x00, 0x00, 0x00, 0x00, 0x00, 0x00, 0x00, 0x00, 0x00, 0x00, 0x00, 0x00, 0x00, 0x00, 0x00, 0x00,
        0x00, 0x00, 0x00, 0x00, 0x00, 0x00, 0x00, 0x00, 0x00, 0x00,
    },
    { // pen-tool
        0x00, 0x00, 0x00, 0x00, 0x01, 0x00, 0x00, 0x00, 0x00, 0xfe, 0x00, 0x00, 0x00, 0x1f, 0xfc, 0x00,
        0x00, 0x07, 0xff, 0xf0, 0x00, 0x00, 0x7e, 0xff, 0xe0, 0x00, 0x0f, 0xe3, 0xff, 0xc0, 0x01, 0xfe,
        0x07, 0xfc, 0x00, 0x39, 0xe0, 0x0f, 0xc0, 0x03, 0x9e, 0x00, 0x38, 0x00, 0x71, 0xe0, 0x07, 0x00,
        0x0e, 0x1e, 0x00, 0xe0, 0x01, 0xe1, 0xfe, 0x1c, 0x00, 0x1c, 0x3f, 0xe1, 0xc0, 0x03, 0x83, 0xfc,
        0x38, 0x00, 0x70, 0x73, 0x87, 0x00, 0x07, 0x0e, 0x70, 0xe0, 0x00, 0xe1, 0xfe, 0x1f, 0x80, 0x1c,
        0x1f, 0xc1, 0xf8, 0x03, 0x83, 0xf0, 0x7f, 0x80, 0x38, 0x00, 0x1e, 0x78, 0x07, 0x00, 0x07, 0x87,
        0x00, 0xe0, 0x01, 0xe1, 0xe0, 0x1f, 0xc0, 0x78, 0x78, 0x01, 0xff, 0xde, 0x1e, 0x00, 0x1f, 0xff,
        0x87, 0x80, 0x00, 0x1f, 0xe1, 0xe0, 0x00, 0x00, 0x38, 0x78, 0x00, 0x00, 0x07, 0x1e, 0x00, 0x00,
        0x00, 0xf7, 0x80, 0x00, 0x00, 0x0f, 0xe0, 0x00, 0x00, 0x00, 0xf8, 0x00, 0x00, 0x00, 0x0e, 0x00,
        0x00, 0x00, 0x00, 0x00, 0x00, 0x00, 0x00, 0x00, 0x00, 0x00,
    },
    { // expand
        0x00, 0x00, 0x00, 0x00, 0x00, 0x00, 0x00, 0x00, 0x00, 0x00, 0x00, 0x00, 0x00, 0x0f, 0xf8, 0x00,
        0xff, 0x81, 0xff, 0x80, 0x3f, 0xf0, 0x3f, 0xe0, 0x03, 0xfe, 0x07, 0xe0, 0x00, 0x07, 0xc0, 0xfe,
        0x00, 0x03, 0xf8, 0x1d, 0xe0, 0x00, 0x7f, 0x03, 0x9e, 0x00, 0x1e, 0xe0, 0x71, 0xe0, 0x07, 0x9c,
        0x0e, 0x3e, 0x03, 0xe3, 0x80, 0x83, 0xc0, 0x78, 0x20, 0x00, 0x38, 0x0e, 0x00, 0x00, 0x00, 0x00,
        0x00, 0x00, 0x00, 0x00, 0x00, 0x00, 0x00, 0x00, 0x00, 0x00, 0x00, 0x00, 0x00, 0x00, 0x00, 0x00,
        0x00, 0x00, 0x00, 0x00, 0x00, 0x00, 0x00, 0x00, 0x00, 0x00, 0x00, 0x00, 0x00, 0x38, 0x0e, 0x00,
        0x02, 0x0f, 0x01, 0xe0, 0x80, 0xe3, 0xe0, 0x3e, 0x38, 0x1c, 0x78, 0x01, 0xe7, 0x03, 0x9e, 0x00,
        0x1e, 0xe0, 0x77, 0x80, 0x01, 0xfc, 0x0f, 0xe0, 0x00, 0x3f, 0x81, 0xf8, 0x00, 0x01, 0xf0, 0x3f,
        0xe0, 0x03, 0xfe, 0x07, 0xfe, 0x00, 0xff, 0xc0, 0xff, 0x80, 0x0f, 0xf8, 0x00, 0x00, 0x00, 0x00,
        0x00, 0x00, 0x00, 0x00, 0x00, 0x00, 0x00, 0x00, 0x00, 0x00,
    },
    { // circle
        0x00, 0x00, 0x00, 0x00, 0x00, 0x00, 0x08, 0x00, 0x00, 0x00, 0x3f, 0xf8, 0x00, 0x00, 0x1f, 0xff,
        0xc0, 0x00, 0x0f, 0xf1, 0xfe, 0x00, 0x03, 0xe0, 0x03, 0xe0, 0x00, 0xf0, 0x00, 0x1e, 0x00, 0x3c,
        0x00, 0x01, 0xe0, 0x0f, 0x00, 0x00, 0x1e, 0x01, 0xc0, 0x00, 0x01, 0xc0, 0x70, 0x00, 0x00, 0x1c,
        0x0e, 0x00, 0x00, 0x03, 0x83, 0x80, 0x00, 0x00, 0x38, 0x70, 0x00, 0x00, 0x07, 0x0e, 0x00, 0x00,
        0x00, 0xe1, 0xc0, 0x00, 0x00, 0x1c, 0x30, 0x00, 0x00, 0x01, 0x8e, 0x00, 0x00, 0x00, 0x38, 0xc0,
        0x00, 0x00, 0x06, 0x1c, 0x00, 0x00, 0x01, 0xc3, 0x80, 0x00, 0x00, 0x38, 0x70, 0x00, 0x00, 0x07,
        0x0e, 0x00, 0x00, 0x00, 0xe0, 0xe0, 0x00, 0x00, 0x38, 0x1c, 0x00, 0x00, 0x07, 0x01, 0xc0, 0x00,
        0x01, 0xc0, 0x3c, 0x00, 0x00, 0x78, 0x03, 0xc0, 0x00, 0x1e, 0x00, 0x3c, 0x00, 0x07, 0x80, 0x03,
        0xe0, 0x03, 0xe0, 0x00, 0x3f, 0xc7, 0xf8, 0x00, 0x01, 0xff, 0xfc, 0x00, 0x00, 0x0f, 0xfe, 0x00,
        0x00, 0x00, 0x08, 0x00, 0x00, 0x00, 0x00, 0x00, 0x00, 0x00,
    },
    { // line-squiggle
        0x00, 0x00, 0x00, 0x00, 0x00, 0x00, 0x00, 0x00, 0x00, 0x00, 0x00, 0x00, 0x0e, 0x00, 0x00, 0x00,
        0x03, 0xc0, 0x00, 0x00, 0x00, 0x78, 0x00, 0x00, 0x00, 0x1e, 0x00, 0x00, 0x00, 0x07, 0x80, 0x00,
        0x00, 0x01, 0xe0, 0x00, 0x00, 0x00, 0x78, 0x00, 0x00, 0x00, 0x1e, 0x00, 0x00, 0x00, 0x07, 0x80,
        0x00, 0x00, 0x01, 0xe0, 0x00, 0x00, 0x00, 0x78, 0x00, 0x00, 0x00, 0x1e, 0x00, 0x00, 0x00, 0x07,
        0x80, 0x00, 0x00, 0x01, 0xe0, 0x00, 0x00, 0x00, 0x78, 0x00, 0x00, 0x00, 0x1e, 0x00, 0x00, 0x00,
        0x07, 0x80, 0x00, 0x00, 0x01, 0xe0, 0x00, 0x00, 0x00, 0x78, 0x00, 0x00, 0x00, 0x1e, 0x00, 0x00,
        0x00, 0x07, 0x80, 0x00, 0x00, 0x01, 0xe0, 0x00, 0x00, 0x00, 0x78, 0x00, 0x00, 0x00, 0x1e, 0x00,
        0x00, 0x00, 0x07, 0x80, 0x00, 0x00, 0x01, 0xe0, 0x00, 0x00, 0x00, 0x78, 0x00, 0x00, 0x00, 0x1e,
        0x00, 0x00, 0x00, 0x07, 0x80, 0x00, 0x00, 0x01, 0xe0, 0x00, 0x00, 0x00, 0x38, 0x00, 0x00, 0x00,
        0x00, 0x00, 0x00, 0x00, 0x00, 0x00, 0x00, 0x00, 0x00, 0x00,
    },
    { // scaling
        0x00, 0x00, 0x00, 0x00, 0x00, 0x00, 0x00, 0x00, 0x00, 0x00, 0x00, 0x00, 0x00, 0x03, 0xff, 0xf1,
        0xff, 0x80, 0xff, 0xfe, 0x3f, 0xf0, 0x3f, 0xff, 0x83, 0xfe, 0x07, 0x00, 0x00, 0x07, 0xc0, 0xe0,
        0x00, 0x01, 0xf8, 0x1c, 0x00, 0x00, 0x7f, 0x03, 0x80, 0x00, 0x1e, 0xe0, 0x70, 0x00, 0x07, 0x9c,
        0x0e, 0x00, 0x01, 0xe3, 0x81, 0xc0, 0x00, 0x78, 0x30, 0x38, 0x18, 0x1e, 0x00, 0x07, 0x03, 0x87,
        0x80, 0x00, 0xe0, 0x71, 0xe0, 0x00, 0x1c, 0x0e, 0x78, 0x03, 0x03, 0x81, 0xde, 0x00, 0xe0, 0x70,
        0x3f, 0x80, 0x1c, 0x0e, 0x07, 0xe0, 0x03, 0x81, 0xc0, 0xff, 0x80, 0x70, 0x38, 0x1f, 0xf8, 0x0e,
        0x07, 0x03, 0xff, 0x01, 0xc0, 0xe0, 0x00, 0x00, 0x38, 0x1c, 0x00, 0x00, 0x07, 0x03, 0x80, 0x00,
        0x00, 0xe0, 0x70, 0x00, 0x00, 0x1c, 0x0e, 0x00, 0x00, 0x03, 0x81, 0xc0, 0x00, 0x00, 0x70, 0x3f,
        0xff, 0xff, 0xfe, 0x03, 0xff, 0xff, 0xff, 0x80, 0x3f, 0xff, 0xff, 0xe0, 0x00, 0x00, 0x00, 0x00,
        0x00, 0x00, 0x00, 0x00, 0x00, 0x00, 0x00, 0x00, 0x00, 0x00,
    },
    { // copy-plus
        0x00, 0x00, 0x00, 0x00, 0x00, 0x7f, 0xff, 0x00, 0x00, 0x7f, 0xff, 0xf8, 0x00, 0x1f, 0xff, 0xff,
        0x80, 0x03, 0x80, 0x00, 0x78, 0x00, 0x60, 0x00, 0x07, 0x00, 0x1c, 0x00, 0x00, 0xe0, 0x03, 0x80,
        0x00, 0x00, 0x00, 0x70, 0x00, 0x00, 0x00, 0x0e, 0x00, 0x00, 0x00, 0x01, 0xc0, 0x1f, 0xff, 0xf0,
        0x38, 0x07, 0xff, 0xff, 0x87, 0x01, 0xff, 0xff, 0xf8, 0xe0, 0x78, 0x00, 0x07, 0x1c, 0x0e, 0x00,
        0x00, 0x73, 0x81, 0xc0, 0x00, 0x0e, 0x70, 0x38, 0x06, 0x01, 0xce, 0x07, 0x01, 0xc0, 0x39, 0xc0,
        0xe0, 0x38, 0x07, 0x38, 0x1c, 0x07, 0x00, 0xe7, 0x03, 0x87, 0xfc, 0x1c, 0x70, 0x71, 0xff, 0xe3,
        0x8f, 0x8e, 0x3f, 0xf8, 0x70, 0xf1, 0xc0, 0x70, 0x0e, 0x0e, 0x38, 0x0e, 0x01, 0xc0, 0x07, 0x01,
        0xc0, 0x38, 0x00, 0xe0, 0x38, 0x07, 0x00, 0x1c, 0x02, 0x00, 0xe0, 0x03, 0x80, 0x00, 0x1c, 0x00,
        0x70, 0x00, 0x03, 0x00, 0x07, 0x00, 0x00, 0xe0, 0x00, 0xff, 0xff, 0xfc, 0x00, 0x0f, 0xff, 0xff,
        0x00, 0x00, 0x7f, 0xff, 0x00, 0x00, 0x00, 0x00, 0x00, 0x00,
    },
    { // ungroup
        0x00, 0x00, 0x00, 0x00, 0x00, 0x00, 0x00, 0x00, 0x00, 0x00, 0x00, 0x00, 0x00, 0x00, 0x00, 0x00,
        0x00, 0x00, 0x0f, 0xfc, 0x00, 0x00, 0x03, 0xff, 0xe0, 0x00, 0x00, 0xff, 0xfc, 0x00, 0x00, 0x1c,
        0x03, 0x80, 0x00, 0x03, 0x80, 0x70, 0x00, 0x00, 0x70, 0x0e, 0x00, 0x00, 0x0e, 0x01, 0xc0, 0x00,
        0x01, 0xc0, 0x38, 0x00, 0x00, 0x38, 0x07, 0x00, 0x00, 0x07, 0xff, 0xe0, 0x00, 0x00, 0xff, 0xfc,
        0x00, 0x00, 0x0f, 0xff, 0x00, 0x00, 0x00, 0x00, 0x00, 0x00, 0x00, 0x00, 0x00, 0x00, 0x00, 0x00,
        0x00, 0x00, 0x00, 0x00, 0x00, 0x7f, 0xf8, 0x00, 0x00, 0x1f, 0xff, 0x80, 0x00, 0x03, 0xff, 0xf0,
        0x00, 0x00, 0x70, 0x0e, 0x00, 0x00, 0x0e, 0x01, 0xc0, 0x00, 0x01, 0xc0, 0x38, 0x00, 0x00, 0x38,
        0x07, 0x00, 0x00, 0x07, 0x00, 0xe0, 0x00, 0x00, 0xe0, 0x1c, 0x00, 0x00, 0x1f, 0xff, 0x80, 0x00,
        0x03, 0xff, 0xe0, 0x00, 0x00, 0x1f, 0xf8, 0x00, 0x00, 0x00, 0x00, 0x00, 0x00, 0x00, 0x00, 0x00,
        0x00, 0x00, 0x00, 0x00, 0x00, 0x00, 0x00, 0x00, 0x00, 0x00,
    },
    { // image-plus
        0x00, 0x00, 0x00, 0x00, 0x00, 0x00, 0x00, 0x00, 0x00, 0x00, 0x00, 0x00, 0xe0, 0x03, 0xff, 0xf0,
        0x1c, 0x00, 0xff, 0xff, 0x03, 0x80, 0x3f, 0xff, 0xc0, 0x70, 0x07, 0x00, 0x00, 0xff, 0xe0, 0xe0,
        0x00, 0x1f, 0xfc, 0x1c, 0x00, 0x01, 0xff, 0x83, 0x83, 0xc0, 0x07, 0x00, 0x70, 0xfe, 0x00, 0xe0,
        0x0e, 0x3f, 0xc0, 0x1c, 0x01, 0xc7, 0x38, 0x01, 0x80, 0x38, 0xe3, 0x00, 0x00, 0x07, 0x1e, 0xe0,
        0x00, 0x00, 0xe1, 0xfc, 0x1e, 0x10, 0x1c, 0x3f, 0x07, 0xe7, 0x03, 0x80, 0x01, 0xfe, 0xe0, 0x70,
        0x00, 0x79, 0xfc, 0x0e, 0x00, 0x1e, 0x1f, 0x81, 0xc0, 0x07, 0x81, 0xf0, 0x38, 0x01, 0xe0, 0x1e,
        0x07, 0x00, 0x78, 0x01, 0xc0, 0xe0, 0x1e, 0x00, 0x38, 0x1c, 0x07, 0x80, 0x07, 0x03, 0x81, 0xe0,
        0x00, 0xe0, 0x70, 0x78, 0x00, 0x1c, 0x0e, 0x1e, 0x00, 0x03, 0x81, 0xc7, 0x80, 0x00, 0x70, 0x3f,
        0xff, 0xff, 0xfe, 0x03, 0xff, 0xff, 0xff, 0x80, 0x3f, 0xff, 0xff, 0xe0, 0x00, 0x00, 0x00, 0x00,
        0x00, 0x00, 0x00, 0x00, 0x00, 0x00, 0x00, 0x00, 0x00, 0x00,
    },
    { // send-to-back
        0x00, 0x00, 0x00, 0x00, 0x00, 0x7e, 0x00, 0x00, 0x00, 0x7f, 0xf0, 0x00, 0x00, 0x1f, 0xff, 0x00,
        0x00, 0x03, 0x80, 0xf0, 0x00, 0x00, 0x60, 0x0e, 0x00, 0x00, 0x1c, 0x01, 0xc0, 0x00, 0x03, 0x80,
        0x38, 0x00, 0x00, 0x70, 0x07, 0x00, 0x00, 0x0e, 0x00, 0xe3, 0xe0, 0x01, 0xc0, 0x1c, 0x7e, 0x00,
        0x38, 0x03, 0x87, 0xe0, 0x03, 0x80, 0x70, 0x1c, 0x00, 0x7f, 0xfe, 0x03, 0x80, 0x07, 0xff, 0x80,
        0x70, 0x00, 0x7f, 0xe0, 0x06, 0x00, 0x00, 0x00, 0x00, 0x00, 0x00, 0x00, 0x00, 0x00, 0x00, 0x00,
        0x00, 0x00, 0x00, 0x00, 0x30, 0x03, 0xff, 0x00, 0x07, 0x00, 0xff, 0xf0, 0x00, 0xe0, 0x3f, 0xff,
        0x00, 0x1c, 0x07, 0x00, 0xe0, 0x03, 0xf0, 0xe0, 0x0e, 0x00, 0x3f, 0x1c, 0x01, 0xc0, 0x03, 0xe3,
        0x80, 0x38, 0x00, 0x00, 0x70, 0x07, 0x00, 0x00, 0x0e, 0x00, 0xe0, 0x00, 0x01, 0xc0, 0x1c, 0x00,
        0x00, 0x38, 0x03, 0x00, 0x00, 0x07, 0x80, 0xe0, 0x00, 0x00, 0x7f, 0xfc, 0x00, 0x00, 0x07, 0xff,
        0x00, 0x00, 0x00, 0x3f, 0x00, 0x00, 0x00, 0x00, 0x00, 0x00,
    },
    { // bring-to-front
        0x00, 0x00, 0x00, 0x00, 0x00, 0xfe, 0x00, 0x00, 0x00, 0x7f, 0xf0, 0x00, 0x00, 0x1f, 0xff, 0x00,
        0x00, 0x03, 0x80, 0xf0, 0x00, 0x00, 0xe0, 0x0e, 0x00, 0x00, 0x1c, 0x01, 0xc0, 0x00, 0x03, 0x80,
        0x00, 0x00, 0x00, 0x70, 0x00, 0x00, 0x00, 0x0e, 0x00, 0x00, 0x00, 0x01, 0xc0, 0x1f, 0xf0, 0x00,
        0x38, 0x07, 0xff, 0x00, 0x03, 0x81, 0xff, 0xf0, 0x00, 0x7c, 0x78, 0x0f, 0x00, 0x07, 0x8e, 0x00,
        0xe0, 0x00, 0x71, 0xc0, 0x1c, 0x00, 0x00, 0x38, 0x03, 0x80, 0x00, 0x07, 0x00, 0x70, 0x00, 0x00,
        0xe0, 0x0e, 0x00, 0x00, 0x1c, 0x01, 0xc7, 0x00, 0x03, 0x80, 0x38, 0xf0, 0x00, 0x78, 0x0f, 0x1f,
        0x00, 0x07, 0xff, 0xc0, 0xe0, 0x00, 0x7f, 0xf0, 0x0e, 0x00, 0x07, 0xfc, 0x01, 0xc0, 0x00, 0x00,
        0x00, 0x38, 0x00, 0x00, 0x00, 0x07, 0x00, 0x00, 0x00, 0x00, 0xe0, 0x00, 0x01, 0xc0, 0x1c, 0x00,
        0x00, 0x38, 0x03, 0x80, 0x00, 0x07, 0x80, 0xe0, 0x00, 0x00, 0x7f, 0xfc, 0x00, 0x00, 0x07, 0xff,
        0x00, 0x00, 0x00, 0x3f, 0x80, 0x00, 0x00, 0x00, 0x00, 0x00,
    },
    { // scan-line
        0x00, 0x00, 0x00, 0x00, 0x00, 0x00, 0x00, 0x00, 0x00, 0x00, 0x00, 0x00, 0x00, 0x03, 0xf0, 0x00,
        0x7e, 0x00, 0xff, 0x00, 0x1f, 0xe0, 0x3f, 0xc0, 0x01, 0xfe, 0x07, 0x00, 0x00, 0x01, 0xc0, 0xe0,
        0x00, 0x00, 0x38, 0x1c, 0x00, 0x00, 0x07, 0x03, 0x80, 0x00, 0x00, 0xe0, 0x70, 0x00, 0x00, 0x1c,
        0x04, 0x00, 0x00, 0x01, 0x00, 0x00, 0x00, 0x00, 0x00, 0x00, 0x00, 0x00, 0x00, 0x00, 0x00, 0x00,
        0x00, 0x00, 0x00, 0x00, 0x00, 0x00, 0x00, 0x7f, 0xff, 0xc0, 0x00, 0x0f, 0xff, 0xf8, 0x00, 0x01,
        0xff, 0xff, 0x00, 0x00, 0x00, 0x00, 0x00, 0x00, 0x00, 0x00, 0x00, 0x00, 0x00, 0x00, 0x00, 0x00,
        0x00, 0x00, 0x00, 0x00, 0x00, 0x40, 0x00, 0x00, 0x10, 0x1c, 0x00, 0x00, 0x07, 0x03, 0x80, 0x00,
        0x00, 0xe0, 0x70, 0x00, 0x00, 0x1c, 0x0e, 0x00, 0x00, 0x03, 0x81, 0xc0, 0x00, 0x00, 0x70, 0x3f,
        0xc0, 0x01, 0xfe, 0x03, 0xfc, 0x00, 0x7f, 0x80, 0x3f, 0x00, 0x07, 0xe0, 0x00, 0x00, 0x00, 0x00,
        0x00, 0x00, 0x00, 0x00, 0x00, 0x00, 0x00, 0x00, 0x00, 0x00,
    },
    { // pencil
        0x00, 0x00, 0x00, 0x00, 0x00, 0x00, 0x00, 0x03, 0x00, 0x00, 0x00, 0x01, 0xf8, 0x00, 0x00, 0x00,
        0x7f, 0x80, 0x00, 0x00, 0x1e, 0x78, 0x00, 0x00, 0x07, 0x87, 0x00, 0x00, 0x01, 0xe0, 0x70, 0x00,
        0x00, 0x78, 0x0e, 0x00, 0x00, 0x1f, 0x83, 0x80, 0x00, 0x07, 0xf8, 0xf0, 0x00, 0x01, 0xe7, 0xbc,
        0x00, 0x00, 0x78, 0x7f, 0x00, 0x00, 0x1e, 0x07, 0xc0, 0x00, 0x07, 0x80, 0xf0, 0x00, 0x01, 0xe0,
        0x3c, 0x00, 0x00, 0x78, 0x0f, 0x00, 0x00, 0x1e, 0x03, 0xc0, 0x00, 0x07, 0x80, 0xf0, 0x00, 0x01,
        0xe0, 0x3c, 0x00, 0x00, 0x78, 0x0f, 0x00, 0x00, 0x1e, 0x03, 0xc0, 0x00, 0x07, 0x80, 0xf0, 0x00,
        0x01, 0xe0, 0x3c, 0x00, 0x00, 0x78, 0x0f, 0x00, 0x00, 0x1e, 0x03, 0xc0, 0x00, 0x03, 0x80, 0xf0,
        0x00, 0x00, 0x70, 0x3c, 0x00, 0x00, 0x0e, 0x0f, 0x00, 0x00, 0x03, 0x83, 0xc0, 0x00, 0x00, 0x73,
        0xf0, 0x00, 0x00, 0x0f, 0xfc, 0x00, 0x00, 0x03, 0xff, 0x00, 0x00, 0x00, 0x3e, 0x00, 0x00, 0x00,
        0x02, 0x00, 0x00, 0x00, 0x00, 0x00, 0x00, 0x00, 0x00, 0x00,
    },
    { // move
        0x00, 0x00, 0x00, 0x00, 0x00, 0x00, 0x08, 0x00, 0x00, 0x00, 0x03, 0x80, 0x00, 0x00, 0x00, 0xf8,
        0x00, 0x00, 0x00, 0x3f, 0x80, 0x00, 0x00, 0x0f, 0xf8, 0x00, 0x00, 0x03, 0xff, 0x80, 0x00, 0x00,
        0x77, 0x70, 0x00, 0x00, 0x0c, 0xe6, 0x00, 0x00, 0x00, 0x1c, 0x00, 0x00, 0x00, 0x03, 0x80, 0x00,
        0x00, 0x00, 0x70, 0x00, 0x00, 0x38, 0x0e, 0x03, 0x80, 0x0f, 0x01, 0xc0, 0x78, 0x03, 0xc0, 0x38,
        0x07, 0x80, 0xf0, 0x07, 0x00, 0x78, 0x3f, 0xff, 0xff, 0xff, 0x8f, 0xff, 0xff, 0xff, 0xf8, 0xff,
        0xff, 0xff, 0xfe, 0x0f, 0x00, 0x70, 0x07, 0x80, 0xf0, 0x0e, 0x01, 0xe0, 0x0f, 0x01, 0xc0, 0x78,
        0x00, 0xe0, 0x38, 0x0e, 0x00, 0x00, 0x07, 0x00, 0x00, 0x00, 0x00, 0xe0, 0x00, 0x00, 0x00, 0x1c,
        0x00, 0x00, 0x00, 0x33, 0x98, 0x00, 0x00, 0x07, 0x77, 0x00, 0x00, 0x00, 0xff, 0xe0, 0x00, 0x00,
        0x0f, 0xf8, 0x00, 0x00, 0x00, 0xfe, 0x00, 0x00, 0x00, 0x0f, 0x80, 0x00, 0x00, 0x00, 0xe0, 0x00,
        0x00, 0x00, 0x08, 0x00, 0x00, 0x00, 0x00, 0x00, 0x00, 0x00,
    },
    { // rotate-cw
        0x00, 0x00, 0x00, 0x00, 0x00, 0x00, 0x00, 0x00, 0x00, 0x00, 0x00, 0x00, 0x00, 0x00, 0x03, 0xfe,
        0x01, 0x80, 0x01, 0xff, 0xf0, 0x70, 0x00, 0xff, 0xff, 0x8e, 0x00, 0x3f, 0x00, 0xf9, 0xc0, 0x0f,
        0x00, 0x07, 0xb8, 0x03, 0xc0, 0x00, 0x7f, 0x00, 0xf0, 0x00, 0x07, 0xe0, 0x1c, 0x00, 0x07, 0xfc,
        0x07, 0x00, 0x01, 0xff, 0x80, 0xe0, 0x00, 0x3f, 0xf0, 0x3c, 0x00, 0x00, 0x00, 0x07, 0x00, 0x00,
        0x00, 0x00, 0xe0, 0x00, 0x00, 0x00, 0x1c, 0x00, 0x00, 0x03, 0x03, 0x80, 0x00, 0x00, 0xe0, 0x70,
        0x00, 0x00, 0x1c, 0x0e, 0x00, 0x00, 0x03, 0x81, 0xc0, 0x00, 0x00, 0x70, 0x3c, 0x00, 0x00, 0x1e,
        0x03, 0x80, 0x00, 0x03, 0x80, 0x70, 0x00, 0x00, 0x70, 0x07, 0x00, 0x00, 0x1c, 0x00, 0xf0, 0x00,
        0x07, 0x80, 0x0f, 0x00, 0x01, 0xe0, 0x00, 0xf0, 0x00, 0x78, 0x00, 0x0f, 0xc0, 0x7e, 0x00, 0x00,
        0xff, 0xff, 0x80, 0x00, 0x07, 0xff, 0xc0, 0x00, 0x00, 0x3f, 0xe0, 0x00, 0x00, 0x00, 0x00, 0x00,
        0x00, 0x00, 0x00, 0x00, 0x00, 0x00, 0x00, 0x00, 0x00, 0x00,
    },
    { // keyboard
        0x00, 0x00, 0x00, 0x00, 0x00, 0x00, 0x00, 0x00, 0x00, 0x00, 0x00, 0x00, 0x00, 0x00, 0x00, 0x00,
        0x00, 0x00, 0x7f, 0xff, 0xff, 0xc0, 0x3f, 0xff, 0xff, 0xfe, 0x0f, 0xff, 0xff, 0xff, 0xe1, 0xc0,
        0x00, 0x00, 0x1c, 0x30, 0x00, 0x00, 0x01, 0x8e, 0x00, 0x00, 0x00, 0x39, 0xc2, 0x08, 0x20, 0x87,
        0x38, 0xe3, 0x8e, 0x38, 0xe7, 0x0c, 0x71, 0xc6, 0x1c, 0xe0, 0x00, 0x00, 0x03, 0x9c, 0x00, 0x00,
        0x00, 0x73, 0x80, 0x00, 0x00, 0x0e, 0x70, 0x18, 0x43, 0x01, 0xce, 0x07, 0x1c, 0x70, 0x39, 0xc0,
        0x61, 0x0c, 0x07, 0x38, 0x00, 0x00, 0x00, 0xe7, 0x00, 0x00, 0x00, 0x1c, 0xe0, 0x00, 0x00, 0x03,
        0x9c, 0x1f, 0xff, 0xf0, 0x73, 0x83, 0xff, 0xfe, 0x0e, 0x70, 0x7f, 0xff, 0xc1, 0xce, 0x00, 0x00,
        0x00, 0x38, 0xc0, 0x00, 0x00, 0x06, 0x1c, 0x00, 0x00, 0x01, 0xc3, 0xff, 0xff, 0xff, 0xf8, 0x3f,
        0xff, 0xff, 0xfe, 0x01, 0xff, 0xff, 0xff, 0x00, 0x00, 0x00, 0x00, 0x00, 0x00, 0x00, 0x00, 0x00,
        0x00, 0x00, 0x00, 0x00, 0x00, 0x00, 0x00, 0x00, 0x00, 0x00,
    },
    { // package-plus
        0x00, 0x00, 0x00, 0x00, 0x00, 0x00, 0x08, 0x00, 0x00, 0x00, 0x07, 0xc0, 0x00, 0x00, 0x03, 0xfe,
        0x00, 0x00, 0x01, 0xfb, 0xf0, 0x00, 0x00, 0xfc, 0x1f, 0x80, 0x00, 0x3f, 0x00, 0xf8, 0x00, 0x1f,
        0xf8, 0x0f, 0xc0, 0x0f, 0xcf, 0xc0, 0x7e, 0x03, 0xe0, 0x7e, 0x03, 0xe0, 0x7c, 0x03, 0xe0, 0x7c,
        0x0f, 0xe0, 0x3f, 0x3f, 0x81, 0xff, 0x01, 0xff, 0xf0, 0x39, 0xf0, 0x0f, 0xce, 0x07, 0x1f, 0x83,
        0xf1, 0xc0, 0xe0, 0xfd, 0xf8, 0x18, 0x1c, 0x07, 0xfc, 0x00, 0x03, 0x80, 0x3e, 0x00, 0x00, 0x70,
        0x03, 0x80, 0xe0, 0x0e, 0x00, 0x70, 0x1c, 0x01, 0xc0, 0x0e, 0x03, 0x80, 0x38, 0x01, 0xc0, 0x70,
        0x07, 0x00, 0x38, 0xff, 0xe0, 0xe0, 0x07, 0x1f, 0xfc, 0x1c, 0x00, 0xe1, 0xff, 0x81, 0xe0, 0x1c,
        0x07, 0x00, 0x3f, 0x03, 0x80, 0xe0, 0x01, 0xf8, 0x70, 0x1c, 0x00, 0x0f, 0x8e, 0x01, 0x80, 0x00,
        0xfd, 0xdc, 0x00, 0x00, 0x07, 0xff, 0x80, 0x00, 0x00, 0x3f, 0xe0, 0x00, 0x00, 0x01, 0xf0, 0x00,
        0x00, 0x00, 0x08, 0x00, 0x00, 0x00, 0x00, 0x00, 0x00, 0x00,
    },
    { // scan-dashed
        0x00, 0x00, 0x00, 0x00, 0x00, 0x00, 0x00, 0x00, 0x00, 0x00, 0x00, 0x00, 0x00, 0x03, 0x87, 0x8f,
        0x0e, 0x00, 0xf8, 0xf1, 0xe3, 0xe0, 0x3e, 0x1c, 0x1c, 0x3e, 0x07, 0x00, 0x00, 0x01, 0xc0, 0xe0,
        0x00, 0x00, 0x38, 0x08, 0x00, 0x00, 0x02, 0x00, 0x00, 0x00, 0x00, 0x00, 0x00, 0x00, 0x00, 0x00,
        0x00, 0x00, 0x00, 0x00, 0x01, 0xc0, 0x00, 0x00, 0x70, 0x38, 0x00, 0x00, 0x0e, 0x07, 0x00, 0x00,
        0x01, 0xc0, 0xc0, 0x00, 0x00, 0x38, 0x00, 0x00, 0x70, 0x07, 0x00, 0x00, 0x1f, 0x80, 0x00, 0x00,
        0x03, 0xfe, 0x00, 0x0c, 0x00, 0x7f, 0xf0, 0x01, 0xc0, 0x07, 0x3f, 0xc0, 0x38, 0x00, 0xe0, 0xfe,
        0x07, 0x00, 0x0e, 0x07, 0xe0, 0x00, 0x01, 0xc0, 0x7e, 0x00, 0x00, 0x38, 0x3f, 0x80, 0x00, 0x03,
        0x8f, 0xe0, 0x20, 0x00, 0x73, 0xc0, 0x0e, 0x00, 0x0f, 0x70, 0x01, 0xc0, 0x00, 0xfc, 0x00, 0x3e,
        0x1f, 0x1f, 0x80, 0x03, 0xe3, 0xe1, 0xf0, 0x00, 0x38, 0x7c, 0x3e, 0x00, 0x00, 0x00, 0x03, 0x80,
        0x00, 0x00, 0x00, 0x20, 0x00, 0x00, 0x00, 0x00, 0x00, 0x00,
    },
    { // eye-off
        0x00, 0x00, 0x00, 0x00, 0x00, 0x00, 0x00, 0x00, 0x00, 0xe0, 0x00, 0x00, 0x00, 0x1e, 0x00, 0x00,
        0x00, 0x01, 0xe0, 0x00, 0x00, 0x00, 0x1e, 0x00, 0x00, 0x00, 0x01, 0xe0, 0x7f, 0x00, 0x00, 0x1e,
        0x1f, 0xfc, 0x00, 0x01, 0xe1, 0xff, 0xe0, 0x00, 0x3e, 0x00, 0x7e, 0x00, 0x0f, 0xe0, 0x03, 0xe0,
        0x03, 0xfe, 0x00, 0x1e, 0x00, 0xf1, 0xe0, 0x01, 0xe0, 0x3c, 0x1e, 0x00, 0x1e, 0x07, 0x03, 0xe0,
        0x01, 0xc1, 0xc0, 0x7e, 0x00, 0x1c, 0x38, 0x0f, 0xe0, 0x03, 0x8e, 0x01, 0xde, 0x00, 0x38, 0xe0,
        0x39, 0xe0, 0x0e, 0x1c, 0x07, 0x1e, 0x01, 0xc1, 0xc0, 0x7f, 0xe0, 0x70, 0x3c, 0x0f, 0xfe, 0x1e,
        0x03, 0xc0, 0x7f, 0xe1, 0x80, 0x3c, 0x00, 0x1e, 0x00, 0x03, 0xe0, 0x01, 0xe0, 0x00, 0x3f, 0x00,
        0x7e, 0x00, 0x03, 0xff, 0xff, 0xe0, 0x00, 0x1f, 0xff, 0xfe, 0x00, 0x00, 0x7f, 0xc1, 0xe0, 0x00,
        0x00, 0x00, 0x1e, 0x00, 0x00, 0x00, 0x01, 0xe0, 0x00, 0x00, 0x00, 0x3c, 0x00, 0x00, 0x00, 0x03,
        0x80, 0x00, 0x00, 0x00, 0x00, 0x00, 0x00, 0x00, 0x00, 0x00,
    },
    { // panel-right
        0x00, 0x00, 0x00, 0x00, 0x00, 0x00, 0x00, 0x00, 0x00, 0x00, 0x00, 0x00, 0x00, 0x03, 0xff, 0xff,
        0xfe, 0x00, 0xff, 0xff, 0xff, 0xe0, 0x3f, 0xff, 0xff, 0xfe, 0x07, 0x00, 0x03, 0x81, 0xc0, 0xe0,
        0x00, 0x70, 0x38, 0x1c, 0x00, 0x0e, 0x07, 0x03, 0x80, 0x01, 0xc0, 0xe0, 0x70, 0x00, 0x38, 0x1c,
        0x0e, 0x00, 0x07, 0x03, 0x81, 0xc0, 0x00, 0xe0, 0x70, 0x38, 0x00, 0x1c, 0x0e, 0x07, 0x00, 0x03,
        0x81, 0xc0, 0xe0, 0x00, 0x70, 0x38, 0x1c, 0x00, 0x0e, 0x07, 0x03, 0x80, 0x01, 0xc0, 0xe0, 0x70,
        0x00, 0x38, 0x1c, 0x0e, 0x00, 0x07, 0x03, 0x81, 0xc0, 0x00, 0xe0, 0x70, 0x38, 0x00, 0x1c, 0x0e,
        0x07, 0x00, 0x03, 0x81, 0xc0, 0xe0, 0x00, 0x70, 0x38, 0x1c, 0x00, 0x0e, 0x07, 0x03, 0x80, 0x01,
        0xc0, 0xe0, 0x70, 0x00, 0x38, 0x1c, 0x0e, 0x00, 0x07, 0x03, 0x81, 0xc0, 0x00, 0xe0, 0x70, 0x3f,
        0xff, 0xff, 0xfe, 0x03, 0xff, 0xff, 0xff, 0x80, 0x3f, 0xff, 0xff, 0xe0, 0x00, 0x00, 0x00, 0x00,
        0x00, 0x00, 0x00, 0x00, 0x00, 0x00, 0x00, 0x00, 0x00, 0x00,
    },
    { // view-front
        0x00, 0x00, 0x00, 0x00, 0x00, 0x00, 0x00, 0x00, 0x00, 0x00, 0x00, 0x00, 0x00, 0x03, 0xff, 0xff,
        0xfe, 0x00, 0xff, 0xff, 0xff, 0xe0, 0x3f, 0xff, 0xff, 0xfe, 0x07, 0x00, 0x00, 0x01, 0xc0, 0xe0,
        0x00, 0x00, 0x38, 0x1c, 0x00, 0x00, 0x07, 0x03, 0x80, 0x00, 0x00, 0xe0, 0x70, 0x01, 0x00, 0x1c,
        0x0e, 0x00, 0x70, 0x03, 0x81, 0xc0, 0x0e, 0x00, 0x70, 0x38, 0x01, 0xc0, 0x0e, 0x07, 0x00, 0x38,
        0x01, 0xc0, 0xe0, 0x07, 0x00, 0x38, 0x1c, 0x18, 0xe3, 0x07, 0x03, 0x87, 0x9c, 0xf0, 0xe0, 0x70,
        0x7b, 0xbc, 0x1c, 0x0e, 0x07, 0xff, 0x03, 0x81, 0xc0, 0x7f, 0xc0, 0x70, 0x38, 0x07, 0xf0, 0x0e,
        0x07, 0x00, 0x7c, 0x01, 0xc0, 0xe0, 0x07, 0x00, 0x38, 0x1c, 0x00, 0x40, 0x07, 0x03, 0x80, 0x00,
        0x00, 0xe0, 0x70, 0x00, 0x00, 0x1c, 0x0e, 0x00, 0x00, 0x03, 0x81, 0xc0, 0x00, 0x00, 0x70, 0x3f,
        0xff, 0xff, 0xfe, 0x03, 0xff, 0xff, 0xff, 0x80, 0x3f, 0xff, 0xff, 0xe0, 0x00, 0x00, 0x00, 0x00,
        0x00, 0x00, 0x00, 0x00, 0x00, 0x00, 0x00, 0x00, 0x00, 0x00,
    },
    { // view-right
        0x00, 0x00, 0x00, 0x00, 0x00, 0x00, 0x00, 0x00, 0x00, 0x00, 0x00, 0x00, 0x00, 0x03, 0xff, 0xff,
        0xfe, 0x00, 0xff, 0xff, 0xff, 0xe0, 0x3f, 0xff, 0xff, 0xfe, 0x07, 0x00, 0x00, 0x01, 0xc0, 0xe0,
        0x00, 0x00, 0x38, 0x1c, 0x00, 0x00, 0x07, 0x03, 0x80, 0x00, 0x00, 0xe0, 0x70, 0x01, 0x00, 0x1c,
        0x0e, 0x00, 0x70, 0x03, 0x81, 0xc0, 0x0f, 0x00, 0x70, 0x38, 0x00, 0xf0, 0x0e, 0x07, 0x00, 0x0f,
        0x01, 0xc0, 0xe0, 0x00, 0xf0, 0x38, 0x1c, 0x1f, 0xff, 0x07, 0x03, 0x87, 0xff, 0xf0, 0xe0, 0x70,
        0x7f, 0xfc, 0x1c, 0x0e, 0x00, 0x0f, 0x03, 0x81, 0xc0, 0x03, 0xc0, 0x70, 0x38, 0x00, 0xf0, 0x0e,
        0x07, 0x00, 0x3c, 0x01, 0xc0, 0xe0, 0x07, 0x00, 0x38, 0x1c, 0x00, 0x40, 0x07, 0x03, 0x80, 0x00,
        0x00, 0xe0, 0x70, 0x00, 0x00, 0x1c, 0x0e, 0x00, 0x00, 0x03, 0x81, 0xc0, 0x00, 0x00, 0x70, 0x3f,
        0xff, 0xff, 0xfe, 0x03, 0xff, 0xff, 0xff, 0x80, 0x3f, 0xff, 0xff, 0xe0, 0x00, 0x00, 0x00, 0x00,
        0x00, 0x00, 0x00, 0x00, 0x00, 0x00, 0x00, 0x00, 0x00, 0x00,
    },
    { // view-top
        0x00, 0x00, 0x00, 0x00, 0x00, 0x00, 0x00, 0x00, 0x00, 0x00, 0x00, 0x00, 0x00, 0x03, 0xff, 0xff,
        0xfe, 0x00, 0xff, 0xff, 0xff, 0xe0, 0x3f, 0xff, 0xff, 0xfe, 0x07, 0x00, 0x00, 0x01, 0xc0, 0xe0,
        0x00, 0x00, 0x38, 0x1c, 0x00, 0x00, 0x07, 0x03, 0x80, 0x00, 0x00, 0xe0, 0x70, 0x01, 0x00, 0x1c,
        0x0e, 0x00, 0x70, 0x03, 0x81, 0xc0, 0x1f, 0x00, 0x70, 0x38, 0x07, 0xf0, 0x0e, 0x07, 0x01, 0xff,
        0x01, 0xc0, 0xe0, 0x7f, 0xf0, 0x38, 0x1c, 0x1e, 0xef, 0x07, 0x03, 0x87, 0x9c, 0xf0, 0xe0, 0x70,
        0x63, 0x8c, 0x1c, 0x0e, 0x00, 0x70, 0x03, 0x81, 0xc0, 0x0e, 0x00, 0x70, 0x38, 0x01, 0xc0, 0x0e,
        0x07, 0x00, 0x38, 0x01, 0xc0, 0xe0, 0x07, 0x00, 0x38, 0x1c, 0x00, 0x40, 0x07, 0x03, 0x80, 0x00,
        0x00, 0xe0, 0x70, 0x00, 0x00, 0x1c, 0x0e, 0x00, 0x00, 0x03, 0x81, 0xc0, 0x00, 0x00, 0x70, 0x3f,
        0xff, 0xff, 0xfe, 0x03, 0xff, 0xff, 0xff, 0x80, 0x3f, 0xff, 0xff, 0xe0, 0x00, 0x00, 0x00, 0x00,
        0x00, 0x00, 0x00, 0x00, 0x00, 0x00, 0x00, 0x00, 0x00, 0x00,
    },
    { // box
        0x00, 0x00, 0x00, 0x00, 0x00, 0x00, 0x08, 0x00, 0x00, 0x00, 0x07, 0xc0, 0x00, 0x00, 0x03, 0xfe,
        0x00, 0x00, 0x01, 0xfb, 0xf0, 0x00, 0x00, 0xfc, 0x1f, 0x80, 0x00, 0x3e, 0x00, 0xf8, 0x00, 0x1f,
        0x80, 0x0f, 0xc0, 0x0f, 0xc0, 0x00, 0x7e, 0x03, 0xe0, 0x00, 0x03, 0xe0, 0x7c, 0x00, 0x00, 0x7c,
        0x0f, 0xe0, 0x00, 0x3f, 0x81, 0xff, 0x00, 0x1f, 0xf0, 0x39, 0xf0, 0x07, 0xce, 0x07, 0x1f, 0x83,
        0xf1, 0xc0, 0xe0, 0xfd, 0xf8, 0x38, 0x1c, 0x07, 0xfc, 0x07, 0x03, 0x80, 0x3e, 0x00, 0xe0, 0x70,
        0x03, 0x80, 0x1c, 0x0e, 0x00, 0x70, 0x03, 0x81, 0xc0, 0x0e, 0x00, 0x70, 0x38, 0x01, 0xc0, 0x0e,
        0x07, 0x00, 0x38, 0x01, 0xc0, 0xe0, 0x07, 0x00, 0x38, 0x1c, 0x00, 0xe0, 0x07, 0x01, 0xe0, 0x1c,
        0x03, 0xc0, 0x3f, 0x03, 0x81, 0xf8, 0x01, 0xf8, 0x70, 0xfc, 0x00, 0x0f, 0x8e, 0x3e, 0x00, 0x00,
        0xfd, 0xdf, 0x80, 0x00, 0x07, 0xff, 0xc0, 0x00, 0x00, 0x3f, 0xe0, 0x00, 0x00, 0x01, 0xf0, 0x00,
        0x00, 0x00, 0x08, 0x00, 0x00, 0x00, 0x00, 0x00, 0x00, 0x00,
    },
    { // camera
        0x00, 0x00, 0x00, 0x00, 0x00, 0x00, 0x00, 0x00, 0x00, 0x00, 0x00, 0x00, 0x00, 0x00, 0x00, 0x00,
        0x00, 0x00, 0x00, 0x7f, 0xc0, 0x00, 0x00, 0x1f, 0xfc, 0x00, 0x00, 0x07, 0xff, 0xc0, 0x00, 0x00,
        0xe0, 0x38, 0x00, 0x00, 0x38, 0x03, 0x80, 0x03, 0xff, 0x00, 0x7f, 0xe0, 0xff, 0xc0, 0x07, 0xfe,
        0x1f, 0xf0, 0x00, 0x7f, 0xc3, 0x80, 0x00, 0x00, 0x38, 0xe0, 0x03, 0xe0, 0x03, 0x9c, 0x00, 0xfe,
        0x00, 0x73, 0x80, 0x3f, 0xe0, 0x0e, 0x70, 0x0f, 0x1e, 0x01, 0xce, 0x01, 0xc1, 0xc0, 0x39, 0xc0,
        0x38, 0x38, 0x07, 0x38, 0x07, 0x07, 0x00, 0xe7, 0x00, 0xe0, 0xe0, 0x1c, 0xe0, 0x1e, 0x3c, 0x03,
        0x9c, 0x01, 0xff, 0x00, 0x73, 0x80, 0x1f, 0xc0, 0x0e, 0x70, 0x00, 0xe0, 0x01, 0xce, 0x00, 0x00,
        0x00, 0x39, 0xc0, 0x00, 0x00, 0x07, 0x1c, 0x00, 0x00, 0x01, 0xc3, 0xff, 0xff, 0xff, 0xf8, 0x3f,
        0xff, 0xff, 0xfe, 0x01, 0xff, 0xff, 0xff, 0x00, 0x00, 0x00, 0x00, 0x00, 0x00, 0x00, 0x00, 0x00,
        0x00, 0x00, 0x00, 0x00, 0x00, 0x00, 0x00, 0x00, 0x00, 0x00,
    },
    { // rotate-ccw
        0x00, 0x00, 0x00, 0x00, 0x00, 0x00, 0x00, 0x00, 0x00, 0x00, 0x00, 0x00, 0x00, 0x0c, 0x03, 0xfe,
        0x00, 0x01, 0xc1, 0xff, 0xf0, 0x00, 0x38, 0xff, 0xff, 0x80, 0x07, 0x3e, 0x01, 0xf8, 0x00, 0xef,
        0x00, 0x07, 0x80, 0x1f, 0xc0, 0x00, 0x78, 0x03, 0xf0, 0x00, 0x07, 0x80, 0x7f, 0xc0, 0x00, 0x70,
        0x0f, 0xfc, 0x00, 0x07, 0x01, 0xff, 0x80, 0x00, 0xe0, 0x00, 0x00, 0x00, 0x1e, 0x00, 0x00, 0x00,
        0x01, 0xc0, 0x00, 0x00, 0x00, 0x38, 0x18, 0x00, 0x00, 0x07, 0x03, 0x80, 0x00, 0x00, 0xe0, 0x70,
        0x00, 0x00, 0x1c, 0x0e, 0x00, 0x00, 0x03, 0x81, 0xc0, 0x00, 0x00, 0x70, 0x3c, 0x00, 0x00, 0x1e,
        0x03, 0x80, 0x00, 0x03, 0x80, 0x70, 0x00, 0x00, 0x70, 0x07, 0x00, 0x00, 0x1c, 0x00, 0xf0, 0x00,
        0x07, 0x80, 0x0f, 0x00, 0x01, 0xe0, 0x00, 0xf0, 0x00, 0x78, 0x00, 0x0f, 0xc0, 0x7e, 0x00, 0x00,
        0xff, 0xff, 0x80, 0x00, 0x07, 0xff, 0xc0, 0x00, 0x00, 0x3f, 0xc0, 0x00, 0x00, 0x00, 0x00, 0x00,
        0x00, 0x00, 0x00, 0x00, 0x00, 0x00, 0x00, 0x00, 0x00, 0x00,
    },
    { // route
        0x00, 0x00, 0x00, 0x00, 0x00, 0x00, 0x00, 0x00, 0x00, 0x00, 0x00, 0x07, 0xf0, 0x00, 0x00, 0x01,
        0xff, 0x00, 0x00, 0x00, 0x79, 0xe0, 0x00, 0x00, 0x0e, 0x0e, 0x00, 0x7f, 0xff, 0x81, 0xc0, 0x3f,
        0xff, 0xf0, 0x38, 0x0f, 0xff, 0xff, 0x07, 0x01, 0xc0, 0x00, 0xe1, 0xe0, 0x70, 0x00, 0x1f, 0xf8,
        0x0e, 0x00, 0x01, 0xfe, 0x01, 0xc0, 0x00, 0x0f, 0x80, 0x38, 0x00, 0x00, 0x00, 0x07, 0x00, 0x00,
        0x00, 0x00, 0x78, 0x00, 0x00, 0x00, 0x0f, 0xff, 0xff, 0xf0, 0x00, 0xff, 0xff, 0xff, 0x80, 0x07,
        0xff, 0xff, 0xf8, 0x00, 0x00, 0x00, 0x0f, 0x00, 0x00, 0x00, 0x00, 0x70, 0x00, 0x00, 0x00, 0x0e,
        0x00, 0xf8, 0x00, 0x01, 0xc0, 0x3f, 0xc0, 0x00, 0x38, 0x0f, 0xfc, 0x00, 0x07, 0x03, 0xc3, 0x80,
        0x01, 0xc0, 0x70, 0x7f, 0xff, 0xf8, 0x0e, 0x07, 0xff, 0xfe, 0x01, 0xc0, 0xff, 0xff, 0x00, 0x38,
        0x38, 0x00, 0x00, 0x03, 0xdf, 0x00, 0x00, 0x00, 0x7f, 0xc0, 0x00, 0x00, 0x07, 0xf0, 0x00, 0x00,
        0x00, 0x00, 0x00, 0x00, 0x00, 0x00, 0x00, 0x00, 0x00, 0x00,
    },
    { // circle-arrow-up
        0x00, 0x00, 0x00, 0x00, 0x00, 0x00, 0x08, 0x00, 0x00, 0x00, 0x3f, 0xf8, 0x00, 0x00, 0x1f, 0xff,
        0xc0, 0x00, 0x0f, 0xf1, 0xfe, 0x00, 0x03, 0xe0, 0x03, 0xe0, 0x00, 0xf0, 0x00, 0x1e, 0x00, 0x3c,
        0x00, 0x01, 0xe0, 0x0f, 0x00, 0x00, 0x1e, 0x01, 0xc0, 0x00, 0x01, 0xc0, 0x70, 0x01, 0x00, 0x1c,
        0x0e, 0x00, 0x70, 0x03, 0x83, 0x80, 0x1f, 0x00, 0x38, 0x70, 0x07, 0xf0, 0x07, 0x0e, 0x01, 0xff,
        0x00, 0xe1, 0xc0, 0x7f, 0xf0, 0x1c, 0x30, 0x1e, 0xef, 0x01, 0x8e, 0x07, 0x9c, 0xf0, 0x38, 0xc0,
        0x63, 0x8c, 0x06, 0x1c, 0x00, 0x70, 0x01, 0xc3, 0x80, 0x0e, 0x00, 0x38, 0x70, 0x01, 0xc0, 0x07,
        0x0e, 0x00, 0x38, 0x00, 0xe0, 0xe0, 0x07, 0x00, 0x38, 0x1c, 0x00, 0x40, 0x07, 0x01, 0xc0, 0x00,
        0x01, 0xc0, 0x3c, 0x00, 0x00, 0x78, 0x03, 0xc0, 0x00, 0x1e, 0x00, 0x3c, 0x00, 0x07, 0x80, 0x03,
        0xe0, 0x03, 0xe0, 0x00, 0x3f, 0xc7, 0xf8, 0x00, 0x01, 0xff, 0xfc, 0x00, 0x00, 0x0f, 0xfe, 0x00,
        0x00, 0x00, 0x08, 0x00, 0x00, 0x00, 0x00, 0x00, 0x00, 0x00,
    },
    { // circle-arrow-down
        0x00, 0x00, 0x00, 0x00, 0x00, 0x00, 0x08, 0x00, 0x00, 0x00, 0x3f, 0xf8, 0x00, 0x00, 0x1f, 0xff,
        0xc0, 0x00, 0x0f, 0xf1, 0xfe, 0x00, 0x03, 0xe0, 0x03, 0xe0, 0x00, 0xf0, 0x00, 0x1e, 0x00, 0x3c,
        0x00, 0x01, 0xe0, 0x0f, 0x00, 0x00, 0x1e, 0x01, 0xc0, 0x00, 0x01, 0xc0, 0x70, 0x01, 0x00, 0x1c,
        0x0e, 0x00, 0x70, 0x03, 0x83, 0x80, 0x0e, 0x00, 0x38, 0x70, 0x01, 0xc0, 0x07, 0x0e, 0x00, 0x38,
        0x00, 0xe1, 0xc0, 0x07, 0x00, 0x1c, 0x30, 0x18, 0xe3, 0x01, 0x8e, 0x07, 0x9c, 0xf0, 0x38, 0xc0,
        0x7b, 0xbc, 0x06, 0x1c, 0x07, 0xff, 0x01, 0xc3, 0x80, 0x7f, 0xc0, 0x38, 0x70, 0x07, 0xf0, 0x07,
        0x0e, 0x00, 0x7c, 0x00, 0xe0, 0xe0, 0x07, 0x00, 0x38, 0x1c, 0x00, 0x40, 0x07, 0x01, 0xc0, 0x00,
        0x01, 0xc0, 0x3c, 0x00, 0x00, 0x78, 0x03, 0xc0, 0x00, 0x1e, 0x00, 0x3c, 0x00, 0x07, 0x80, 0x03,
        0xe0, 0x03, 0xe0, 0x00, 0x3f, 0xc7, 0xf8, 0x00, 0x01, 0xff, 0xfc, 0x00, 0x00, 0x0f, 0xfe, 0x00,
        0x00, 0x00, 0x08, 0x00, 0x00, 0x00, 0x00, 0x00, 0x00, 0x00,
    },
    { // arrow-down-to-line
        0x00, 0x00, 0x00, 0x00, 0x00, 0x00, 0x00, 0x00, 0x00, 0x00, 0x00, 0x00, 0x00, 0x00, 0x00, 0x70,
        0x00, 0x00, 0x00, 0x0e, 0x00, 0x00, 0x00, 0x01, 0xc0, 0x00, 0x00, 0x00, 0x38, 0x00, 0x00, 0x00,
        0x07, 0x00, 0x00, 0x00, 0x00, 0xe0, 0x00, 0x00, 0x00, 0x1c, 0x00, 0x00, 0x00, 0x03, 0x80, 0x00,
        0x00, 0x00, 0x70, 0x00, 0x00, 0x00, 0x0e, 0x00, 0x00, 0x00, 0x01, 0xc0, 0x00, 0x00, 0x00, 0x38,
        0x00, 0x00, 0x0e, 0x07, 0x03, 0x80, 0x01, 0xe0, 0xe0, 0xf0, 0x00, 0x1e, 0x1c, 0x3c, 0x00, 0x01,
        0xe3, 0x8f, 0x00, 0x00, 0x1e, 0x73, 0xc0, 0x00, 0x01, 0xee, 0xf0, 0x00, 0x00, 0x1f, 0xfc, 0x00,
        0x00, 0x01, 0xff, 0x00, 0x00, 0x00, 0x1f, 0xc0, 0x00, 0x00, 0x01, 0xf0, 0x00, 0x00, 0x00, 0x1c,
        0x00, 0x00, 0x00, 0x00, 0x00, 0x00, 0x00, 0x00, 0x00, 0x00, 0x00, 0x00, 0x00, 0x00, 0x00, 0x03,
        0xff, 0xff, 0xe0, 0x00, 0xff, 0xff, 0xfe, 0x00, 0x1f, 0xff, 0xff, 0xc0, 0x00, 0x00, 0x00, 0x00,
        0x00, 0x00, 0x00, 0x00, 0x00, 0x00, 0x00, 0x00, 0x00, 0x00,
    },
    { // arrow-up-to-line
        0x00, 0x00, 0x00, 0x00, 0x00, 0x00, 0x00, 0x00, 0x00, 0x00, 0x00, 0x00, 0x00, 0x01, 0xff, 0xff,
        0xfc, 0x00, 0x3f, 0xff, 0xff, 0x80, 0x03, 0xff, 0xff, 0xe0, 0x00, 0x00, 0x00, 0x00, 0x00, 0x00,
        0x00, 0x00, 0x00, 0x00, 0x00, 0x00, 0x00, 0x00, 0x00, 0x1c, 0x00, 0x00, 0x00, 0x07, 0xc0, 0x00,
        0x00, 0x01, 0xfc, 0x00, 0x00, 0x00, 0x7f, 0xc0, 0x00, 0x00, 0x1f, 0xfc, 0x00, 0x00, 0x07, 0xbb,
        0xc0, 0x00, 0x01, 0xe7, 0x3c, 0x00, 0x00, 0x78, 0xe3, 0xc0, 0x00, 0x1e, 0x1c, 0x3c, 0x00, 0x07,
        0x83, 0x83, 0xc0, 0x00, 0xe0, 0x70, 0x38, 0x00, 0x00, 0x0e, 0x00, 0x00, 0x00, 0x01, 0xc0, 0x00,
        0x00, 0x00, 0x38, 0x00, 0x00, 0x00, 0x07, 0x00, 0x00, 0x00, 0x00, 0xe0, 0x00, 0x00, 0x00, 0x1c,
        0x00, 0x00, 0x00, 0x03, 0x80, 0x00, 0x00, 0x00, 0x70, 0x00, 0x00, 0x00, 0x0e, 0x00, 0x00, 0x00,
        0x01, 0xc0, 0x00, 0x00, 0x00, 0x38, 0x00, 0x00, 0x00, 0x07, 0x00, 0x00, 0x00, 0x00, 0x00, 0x00,
        0x00, 0x00, 0x00, 0x00, 0x00, 0x00, 0x00, 0x00, 0x00, 0x00,
    },
    { // mic-off
        0x00, 0x00, 0x00, 0x00, 0x00, 0x00, 0x08, 0x00, 0x00, 0xe0, 0x0f, 0xe0, 0x00, 0x1e, 0x03, 0xfe,
        0x00, 0x01, 0xe0, 0xfb, 0xe0, 0x00, 0x1e, 0x1c, 0x1c, 0x00, 0x01, 0xe1, 0x03, 0x80, 0x00, 0x1e,
        0x00, 0x70, 0x00, 0x01, 0xe0, 0x0e, 0x00, 0x00, 0x1e, 0x01, 0xc0, 0x00, 0x01, 0xe0, 0x38, 0x00,
        0x00, 0x1e, 0x07, 0x00, 0x00, 0x01, 0xe0, 0xe0, 0x00, 0x06, 0x3e, 0x1c, 0x30, 0x00, 0xe3, 0xe1,
        0x8e, 0x00, 0x1c, 0x7e, 0x01, 0xc0, 0x03, 0x8f, 0xe0, 0x38, 0x00, 0x71, 0xde, 0x07, 0x00, 0x0e,
        0x39, 0xe0, 0xe0, 0x01, 0xc7, 0x1e, 0x1c, 0x00, 0x38, 0x7f, 0xe1, 0x00, 0x07, 0x8f, 0xfe, 0x00,
        0x00, 0x70, 0x7f, 0xe0, 0x00, 0x0f, 0x00, 0x1e, 0x00, 0x00, 0xf0, 0x03, 0xe0, 0x00, 0x0f, 0x80,
        0xfe, 0x00, 0x00, 0xff, 0xff, 0xe0, 0x00, 0x0f, 0xff, 0x9e, 0x00, 0x00, 0x7f, 0xc1, 0xe0, 0x00,
        0x01, 0xc0, 0x1e, 0x00, 0x00, 0x38, 0x01, 0xe0, 0x00, 0x07, 0x00, 0x3c, 0x00, 0x00, 0xe0, 0x03,
        0x80, 0x00, 0x00, 0x00, 0x00, 0x00, 0x00, 0x00, 0x00, 0x00,
    },
    { // headphones
        0x00, 0x00, 0x00, 0x00, 0x00, 0x00, 0x00, 0x00, 0x00, 0x00, 0x00, 0x00, 0x00, 0x00, 0x03, 0xfe,
        0x00, 0x00, 0x01, 0xff, 0xf0, 0x00, 0x00, 0xff, 0xff, 0x80, 0x00, 0x3f, 0x01, 0xf8, 0x00, 0x0f,
        0x00, 0x07, 0x80, 0x03, 0xc0, 0x00, 0x78, 0x00, 0xf0, 0x00, 0x07, 0x80, 0x1c, 0x00, 0x00, 0x70,
        0x07, 0x00, 0x00, 0x07, 0x00, 0xe0, 0x00, 0x00, 0xe0, 0x3c, 0x00, 0x00, 0x1e, 0x07, 0x00, 0x00,
        0x01, 0xc0, 0xe0, 0x00, 0x00, 0x38, 0x1c, 0x00, 0x00, 0x07, 0x03, 0x80, 0x00, 0x00, 0xe0, 0x70,
        0x00, 0x00, 0x1c, 0x0f, 0xf0, 0x00, 0x7f, 0x81, 0xff, 0x00, 0x1f, 0xf0, 0x3f, 0xf0, 0x07, 0xfe,
        0x07, 0x0e, 0x00, 0xe1, 0xc0, 0xe1, 0xc0, 0x1c, 0x38, 0x1c, 0x38, 0x03, 0x87, 0x03, 0x87, 0x00,
        0x70, 0xe0, 0x70, 0xe0, 0x0e, 0x1c, 0x0e, 0x1c, 0x01, 0xc3, 0x81, 0xc3, 0x80, 0x38, 0x70, 0x3f,
        0xf0, 0x07, 0xfe, 0x03, 0xfc, 0x00, 0x7f, 0x80, 0x3f, 0x00, 0x07, 0xe0, 0x00, 0x00, 0x00, 0x00,
        0x00, 0x00, 0x00, 0x00, 0x00, 0x00, 0x00, 0x00, 0x00, 0x00,
    },
    { // volume-x
        0x00, 0x00, 0x00, 0x00, 0x00, 0x00, 0x00, 0x00, 0x00, 0x00, 0x00, 0x00, 0x00, 0x00, 0x00, 0x00,
        0x00, 0x00, 0x00, 0x30, 0x00, 0x00, 0x00, 0x0f, 0x00, 0x00, 0x00, 0x03, 0xe0, 0x00, 0x00, 0x00,
        0xfe, 0x00, 0x00, 0x00, 0x3d, 0xc0, 0x00, 0x00, 0x0f, 0x38, 0x00, 0x00, 0x7f, 0xc7, 0x00, 0x00,
        0x1f, 0xf0, 0xe0, 0x00, 0x03, 0xfc, 0x1c, 0x38, 0x18, 0xe0, 0x03, 0x87, 0x87, 0x1c, 0x00, 0x70,
        0x79, 0xe3, 0x80, 0x0e, 0x07, 0xf8, 0x70, 0x01, 0xc0, 0x7e, 0x0e, 0x00, 0x38, 0x07, 0x81, 0xc0,
        0x07, 0x01, 0xf8, 0x38, 0x00, 0xe0, 0x7f, 0x87, 0x00, 0x1c, 0x1e, 0x78, 0xe0, 0x03, 0x87, 0x87,
        0x0f, 0xf0, 0x70, 0xe0, 0x61, 0xff, 0x0e, 0x00, 0x00, 0x1f, 0xf1, 0xc0, 0x00, 0x00, 0x0f, 0x38,
        0x00, 0x00, 0x00, 0xf7, 0x00, 0x00, 0x00, 0x0f, 0xe0, 0x00, 0x00, 0x00, 0xf8, 0x00, 0x00, 0x00,
        0x0f, 0x00, 0x00, 0x00, 0x00, 0xc0, 0x00, 0x00, 0x00, 0x00, 0x00, 0x00, 0x00, 0x00, 0x00, 0x00,
        0x00, 0x00, 0x00, 0x00, 0x00, 0x00, 0x00, 0x00, 0x00, 0x00,
    },
    { // volume-2
        0x00, 0x00, 0x00, 0x00, 0x00, 0x00, 0x00, 0x00, 0x00, 0x00, 0x00, 0x00, 0x00, 0x00, 0x00, 0x00,
        0x00, 0x00, 0x00, 0x30, 0x00, 0x00, 0x00, 0x0f, 0x00, 0x00, 0x00, 0x03, 0xe0, 0x00, 0x00, 0x00,
        0xfe, 0x00, 0xe0, 0x00, 0x3d, 0xc0, 0x1c, 0x00, 0x0f, 0x38, 0x01, 0xc0, 0x7f, 0xc7, 0x00, 0x3c,
        0x1f, 0xf0, 0xe0, 0x03, 0x83, 0xfc, 0x1c, 0x38, 0x38, 0xe0, 0x03, 0x87, 0x07, 0x1c, 0x00, 0x70,
        0x70, 0xe3, 0x80, 0x0e, 0x0e, 0x1c, 0x70, 0x01, 0xc1, 0xc1, 0x8e, 0x00, 0x38, 0x38, 0x39, 0xc0,
        0x07, 0x07, 0x06, 0x38, 0x00, 0xe0, 0xe1, 0xc7, 0x00, 0x1c, 0x1c, 0x38, 0xe0, 0x03, 0x87, 0x07,
        0x0f, 0xf0, 0x70, 0xe0, 0xe1, 0xff, 0x0e, 0x00, 0x38, 0x1f, 0xf1, 0xc0, 0x0f, 0x00, 0x0f, 0x38,
        0x03, 0xc0, 0x00, 0xf7, 0x00, 0x70, 0x00, 0x0f, 0xe0, 0x0e, 0x00, 0x00, 0xf8, 0x00, 0x00, 0x00,
        0x0f, 0x00, 0x00, 0x00, 0x00, 0xc0, 0x00, 0x00, 0x00, 0x00, 0x00, 0x00, 0x00, 0x00, 0x00, 0x00,
        0x00, 0x00, 0x00, 0x00, 0x00, 0x00, 0x00, 0x00, 0x00, 0x00,
    },
    { // incognito
        0x00, 0x00, 0x00, 0x00, 0x00, 0x00, 0x1c, 0x00, 0x00, 0x00, 0x3f, 0xf8, 0x00, 0x00, 0x0f, 0xff,
        0x80, 0x00, 0x07, 0xf1, 0xfc, 0x00, 0x01, 0xf0, 0x07, 0xc0, 0x00, 0x78, 0x00, 0x3c, 0x00, 0x1e,
        0x00, 0x03, 0xc0, 0x03, 0x80, 0x00, 0x38, 0x00, 0xf0, 0x00, 0x07, 0x80, 0x1c, 0x00, 0x00, 0x70,
        0x03, 0x80, 0x00, 0x0e, 0x00, 0x60, 0x00, 0x01, 0xc0, 0x1c, 0x18, 0x0c, 0x1c, 0x03, 0x83, 0x83,
        0x83, 0x80, 0x70, 0x60, 0x30, 0x70, 0x0e, 0x00, 0x00, 0x0e, 0x01, 0xc0, 0x00, 0x01, 0xc0, 0x38,
        0x00, 0x00, 0x38, 0x07, 0x00, 0x00, 0x07, 0x00, 0xe0, 0x00, 0x00, 0xe0, 0x1c, 0x00, 0x00, 0x1c,
        0x03, 0x80, 0x00, 0x03, 0x80, 0x70, 0x00, 0x00, 0x70, 0x0e, 0x00, 0x00, 0x0e, 0x01, 0xc0, 0x00,
        0x01, 0xc0, 0x38, 0x81, 0x02, 0x38, 0x07, 0x78, 0x70, 0xf7, 0x00, 0xff, 0x9f, 0x3f, 0xe0, 0x1f,
        0xff, 0xff, 0xfc, 0x03, 0xe7, 0xef, 0xcf, 0x80, 0x78, 0x78, 0xf0, 0xf0, 0x0e, 0x06, 0x0c, 0x0e,
        0x00, 0x00, 0x00, 0x00, 0x00, 0x00, 0x00, 0x00, 0x00, 0x00,
    },
    { // code
        0x00, 0x00, 0x00, 0x00, 0x00, 0x00, 0x00, 0x00, 0x00, 0x00, 0x00, 0x00, 0x00, 0x00, 0x00, 0x00,
        0x00, 0x00, 0x00, 0x00, 0x00, 0x00, 0x00, 0x00, 0x00, 0x00, 0x00, 0x00, 0x00, 0x00, 0x00, 0x00,
        0x80, 0x08, 0x00, 0x00, 0x38, 0x03, 0x80, 0x00, 0x0f, 0x00, 0x78, 0x00, 0x03, 0xc0, 0x07, 0x80,
        0x00, 0xf0, 0x00, 0x78, 0x00, 0x3c, 0x00, 0x07, 0x80, 0x0f, 0x00, 0x00, 0x78, 0x03, 0xc0, 0x00,
        0x07, 0x80, 0xf0, 0x00, 0x00, 0x78, 0x3c, 0x00, 0x00, 0x07, 0x87, 0x00, 0x00, 0x00, 0x70, 0xf0,
        0x00, 0x00, 0x1e, 0x0f, 0x00, 0x00, 0x07, 0x80, 0xf0, 0x00, 0x01, 0xe0, 0x0f, 0x00, 0x00, 0x78,
        0x00, 0xf0, 0x00, 0x1e, 0x00, 0x0f, 0x00, 0x07, 0x80, 0x00, 0xf0, 0x01, 0xe0, 0x00, 0x0f, 0x00,
        0x78, 0x00, 0x00, 0xe0, 0x0e, 0x00, 0x00, 0x08, 0x00, 0x80, 0x00, 0x00, 0x00, 0x00, 0x00, 0x00,
        0x00, 0x00, 0x00, 0x00, 0x00, 0x00, 0x00, 0x00, 0x00, 0x00, 0x00, 0x00, 0x00, 0x00, 0x00, 0x00,
        0x00, 0x00, 0x00, 0x00, 0x00, 0x00, 0x00, 0x00, 0x00, 0x00,
    },
    { // book-open
        0x00, 0x00, 0x00, 0x00, 0x00, 0x00, 0x00, 0x00, 0x00, 0x00, 0x00, 0x00, 0x00, 0x0f, 0xfe, 0x03,
        0xff, 0x83, 0xff, 0xf1, 0xff, 0xf8, 0xff, 0xff, 0x7f, 0xff, 0x9c, 0x00, 0xfe, 0x00, 0x73, 0x80,
        0x0f, 0x80, 0x0e, 0x70, 0x00, 0xe0, 0x01, 0xce, 0x00, 0x1c, 0x00, 0x39, 0xc0, 0x03, 0x80, 0x07,
        0x38, 0x00, 0x70, 0x00, 0xe7, 0x00, 0x0e, 0x00, 0x1c, 0xe0, 0x01, 0xc0, 0x03, 0x9c, 0x00, 0x38,
        0x00, 0x73, 0x80, 0x07, 0x00, 0x0e, 0x70, 0x00, 0xe0, 0x01, 0xce, 0x00, 0x1c, 0x00, 0x39, 0xc0,
        0x03, 0x80, 0x07, 0x38, 0x00, 0x70, 0x00, 0xe7, 0x00, 0x0e, 0x00, 0x1c, 0xe0, 0x01, 0xc0, 0x03,
        0x9c, 0x00, 0x38, 0x00, 0x73, 0x80, 0x07, 0x00, 0x0e, 0x70, 0x00, 0xe0, 0x01, 0xc7, 0xff, 0xff,
        0xff, 0xf0, 0xff, 0xff, 0xff, 0xfe, 0x0f, 0xff, 0xff, 0xff, 0x80, 0x00, 0x1f, 0x00, 0x00, 0x00,
        0x01, 0xc0, 0x00, 0x00, 0x00, 0x38, 0x00, 0x00, 0x00, 0x07, 0x00, 0x00, 0x00, 0x00, 0x00, 0x00,
        0x00, 0x00, 0x00, 0x00, 0x00, 0x00, 0x00, 0x00, 0x00, 0x00,
    },
    { // file-output
        0x00, 0x00, 0x00, 0x00, 0x00, 0x1f, 0xff, 0x80, 0x00, 0x0f, 0xff, 0xf8, 0x00, 0x03, 0xff, 0xff,
        0x80, 0x00, 0x70, 0x01, 0xf8, 0x00, 0x1c, 0x00, 0x3f, 0x80, 0x03, 0x80, 0x07, 0x78, 0x00, 0x70,
        0x00, 0xe7, 0x80, 0x0e, 0x00, 0x1c, 0x78, 0x01, 0xc0, 0x03, 0x87, 0x80, 0x38, 0x00, 0x7f, 0xf8,
        0x02, 0x00, 0x07, 0xff, 0x00, 0x00, 0x00, 0x7f, 0xe0, 0x00, 0x00, 0x00, 0x1c, 0x00, 0x00, 0x00,
        0x03, 0x80, 0x1c, 0x00, 0x00, 0x70, 0x07, 0x80, 0x00, 0x0e, 0x01, 0xe0, 0x00, 0x01, 0xc0, 0x78,
        0x00, 0x00, 0x38, 0x1f, 0xff, 0xf0, 0x07, 0x07, 0xff, 0xfe, 0x00, 0xe0, 0x7f, 0xff, 0x80, 0x1c,
        0x07, 0x80, 0x00, 0x03, 0x80, 0x78, 0x00, 0x00, 0x70, 0x07, 0x80, 0x00, 0x0e, 0x00, 0x60, 0x00,
        0x01, 0xc0, 0x00, 0x00, 0x00, 0x38, 0x00, 0x00, 0x00, 0x07, 0x00, 0x00, 0x00, 0x00, 0xe0, 0x0c,
        0x00, 0x00, 0x1c, 0x01, 0xc0, 0x00, 0x07, 0x00, 0x3f, 0xff, 0xff, 0xe0, 0x03, 0xff, 0xff, 0xf8,
        0x00, 0x1f, 0xff, 0xfc, 0x00, 0x00, 0x00, 0x00, 0x00, 0x00,
    },
    { // audio-lines
        0x00, 0x00, 0x00, 0x00, 0x00, 0x00, 0x00, 0x00, 0x00, 0x00, 0x00, 0x00, 0x00, 0x00, 0x01, 0x80,
        0x00, 0x00, 0x00, 0x70, 0x00, 0x00, 0x00, 0x0e, 0x00, 0x00, 0x00, 0x01, 0xc0, 0x18, 0x00, 0x04,
        0x38, 0x03, 0x80, 0x01, 0xc7, 0x00, 0x70, 0x00, 0x38, 0xe0, 0x0e, 0x00, 0x07, 0x1c, 0x21, 0xc0,
        0x00, 0xe3, 0x8e, 0x38, 0x00, 0x1c, 0x71, 0xc7, 0x00, 0x63, 0x8e, 0x38, 0xe3, 0x1c, 0x71, 0xc7,
        0x1c, 0x73, 0x8e, 0x38, 0xe3, 0x8e, 0x71, 0xc7, 0x1c, 0x71, 0xce, 0x38, 0xe3, 0x8e, 0x39, 0xc7,
        0x1c, 0x71, 0xc7, 0x18, 0xe3, 0x8e, 0x38, 0xc0, 0x1c, 0x71, 0xc7, 0x00, 0x03, 0x8e, 0x38, 0xe0,
        0x00, 0x71, 0xc7, 0x1c, 0x00, 0x0e, 0x38, 0x03, 0x80, 0x01, 0xc7, 0x00, 0x70, 0x00, 0x18, 0xe0,
        0x0e, 0x00, 0x00, 0x1c, 0x01, 0xc0, 0x00, 0x03, 0x80, 0x10, 0x00, 0x00, 0x70, 0x00, 0x00, 0x00,
        0x0e, 0x00, 0x00, 0x00, 0x01, 0xc0, 0x00, 0x00, 0x00, 0x18, 0x00, 0x00, 0x00, 0x00, 0x00, 0x00,
        0x00, 0x00, 0x00, 0x00, 0x00, 0x00, 0x00, 0x00, 0x00, 0x00,
    },
};
